Drug_ID,Drug_name
DD1962,A / B Otic
DD2364,A + D Cracked Skin Relief
DD1159,Abacavir / dolutegravir / lamivudine
DD1791,Abacavir / lamivudine / zidovudine
DD1231,Abatacept
DD1505,Abilify
DD1870,Abilify Discmelt
DD2717,Abilify Maintena
DD2748,Abiraterone
DD1985,AbobotulinumtoxinA
DD2189,Abraxane
DD2482,Abreva
DD2563,Absorbine Jr.
DD2560,Absorica
DD2052,Acamprosate
DD237,Acanya
DD116,Acarbose
DD3148,Accolate
DD203,Accupril
DD2221,Accutane
DD2382,Acebutolol
DD1938,Acetaminophen
DD883,Acetaminophen / aspirin
DD1875,Acetaminophen / aspirin / caffeine
DD113,Acetaminophen / aspirin / caffeine / salicylamide
DD1481,Acetaminophen / butalbital
DD1716,Acetaminophen / butalbital / caffeine
DD1682,Acetaminophen / butalbital / caffeine / codeine
DD2629,Acetaminophen / caffeine
DD817,Acetaminophen / caffeine / dihydrocodeine
DD1970,Acetaminophen / caffeine / isometheptene mucate
DD2746,Acetaminophen / caffeine / magnesium salicylate
DD1158,Acetaminophen / caffeine / pyrilamine
DD2889,Acetaminophen / chlorpheniramine
DD388,Acetaminophen / chlorpheniramine / phenylephrine
DD718,Acetaminophen / codeine
DD2311,Acetaminophen / dexbrompheniramine / pseudoephedrine
DD48,Acetaminophen / dextromethorphan / doxylamine / pseudoephedrine
DD2550,Acetaminophen / dextromethorphan / phenylephrine
DD2349,Acetaminophen / dichloralphenazone / isometheptene mucate
DD1512,Acetaminophen / diphenhydramine
DD2484,Acetaminophen / diphenhydramine / phenylephrine
DD936,Acetaminophen / hydrocodone
DD673,Acetaminophen / oxycodone
DD55,Acetaminophen / pamabrom
DD153,Acetaminophen / pamabrom / pyrilamine
DD2145,Acetaminophen / pentazocine
DD2450,Acetaminophen / phenylephrine
DD486,Acetaminophen / phenyltoloxamine
DD2993,Acetaminophen / propoxyphene
DD1618,Acetaminophen / pseudoephedrine
DD1503,Acetaminophen / tramadol
DD2408,Acetazolamide
DD81,Acetic acid
DD2901,Acetic acid / antipyrine / benzocaine / polycosanol
DD1862,Acetohydroxamic acid
DD3381,Acetylcysteine
DD3355,Acidophilus
DD3055,Aciphex
DD3218,Acitretin
DD2665,Aclidinium
DD56,Acrivastine / pseudoephedrine
DD1897,Actemra
DD2154,Acthar
DD837,Acticlate
DD136,Actifed
DD2793,Actiq
DD146,Activella
DD2330,Actonel
DD1620,Actonel with Calcium
DD3025,ActoPlus Met
DD1568,Actos
DD380,Acyclovir
DD2607,Acyclovir / hydrocortisone
DD810,Aczone
DD1765,Adalimumab
DD785,Adapalene
DD2565,Adapalene / benzoyl peroxide
DD1065,Adcirca
DD1407,Adderall
DD2583,Adderall XR
DD2732,Addyi
DD413,Adempas
DD2652,Adenosine
DD634,Adipex-P
DD422,Adoxa
DD410,Adriamycin
DD3190,Advair Diskus
DD2695,Advair HFA
DD1816,Advate
DD1768,Advil
DD206,Advil Cold and Sinus
DD2212,Advil Cold and Sinus Liqui-Gels
DD1843,Advil Liqui-Gels
DD2296,Advil Migraine
DD1273,Advil PM
DD2555,Adzenys XR-ODT
DD1849,Afatinib
DD225,Afinitor
DD2281,Aflibercept
DD1634,Afrezza
DD368,Afrin
DD1313,Afrin 4 Hour Extra Moisturizing
DD961,Afrin NoDrip Sinus
DD1237,Afrin Original
DD172,Afrin Sinus
DD3109,Aftera
DD321,Aggrenox
DD1866,AirDuo Respiclick
DD628,Ala-Quin
DD1559,Alamast
DD65,Alavert
DD2988,Albendazole
DD2662,Albiglutide
DD640,Albuterol
DD734,Albuterol / ipratropium
DD2921,Alcaftadine
DD1277,Alclometasone
DD504,Alcortin A
DD1032,Aldactazide
DD138,Aldactone
DD1804,Aldara
DD2272,Aldomet
DD424,Alefacept
DD1657,Alemtuzumab
DD343,Alendronate
DD871,Alesse
DD1326,Aleve
DD3096,Aleve-D Sinus & Cold
DD3322,Alfuzosin
DD1334,Alimta
DD2270,Alirocumab
DD636,Aliskiren
DD2469,Aliskiren / hydrochlorothiazide
DD3345,Alka-Seltzer Cold and Sinus
DD2119,Alka-Seltzer Plus Cold
DD1268,Alka-Seltzer Plus Cold Formula Sparkling Original Effervescent Tablets
DD189,All Day Allergy
DD768,Allantoin / camphor / phenol
DD1271,Allegra
DD2284,Allegra Allergy
DD3230,Allegra ODT
DD2720,Allegra-D 12 Hour
DD826,Allegra-D 24 Hour
DD1214,Aller-Ease
DD171,Allerx Dose Pack DF
DD2447,Alli
DD1908,Allopurinol
DD134,Almotriptan
DD1242,Alocril
DD2320,Aloe vera
DD1664,Aloe vera / hydrocortisone / iodoquinol
DD1936,Alogliptin
DD1030,Alogliptin / metformin
DD470,Aloprim
DD345,Alosetron
DD1706,Aloxi
DD582,Alpha 1-proteinase inhibitor
DD2541,Alphagan P
DD2930,Alphanine SD
DD2137,Alprazolam
DD3329,Alprazolam Intensol
DD3340,Alprostadil
DD3409,Alrex
DD3383,Alsuma
DD72,Altabax
DD679,Altace
DD1956,Altavera
DD1999,Altoprev
DD2041,Altretamine
DD182,Aluminum chloride hexahydrate
DD2354,Aluminum hydroxide / magnesium hydroxide / simethicone
DD1814,Aluminum hydroxide / magnesium trisilicate
DD1944,Alupent
DD1177,Alvesco
DD1338,Alyacen 1 / 35
DD983,Amantadine
DD2216,Amaryl
DD1520,Ambien
DD1859,Ambien CR
DD1433,Ambrisentan
DD797,Amerge
DD2199,Amethia
DD3410,Amethia Lo
DD455,Amethyst
DD1287,Amevive
DD3051,Amikacin
DD3020,Amikin
DD1411,Amiloride
DD2637,Amino acids
DD653,Amiodarone
DD2438,Amitiza
DD2418,Amitriptyline
DD2237,Amitriptyline / chlordiazepoxide
DD474,Amitriptyline / perphenazine
DD844,AmLactin
DD1725,Amlodipine
DD3064,Amlodipine / atorvastatin
DD1393,Amlodipine / benazepril
DD2186,Amlodipine / hydrochlorothiazide / olmesartan
DD2566,Amlodipine / hydrochlorothiazide / valsartan
DD3041,Amlodipine / olmesartan
DD378,Amlodipine / telmisartan
DD1968,Amlodipine / valsartan
DD533,Ammonium lactate
DD795,Amnesteem
DD2597,Amoxapine
DD2168,Amoxicillin
DD1829,Amoxicillin / clarithromycin / lansoprazole
DD3207,Amoxicillin / clavulanate
DD2109,Amoxil
DD1655,Amphetamine
DD275,Amphetamine / dextroamphetamine
DD1676,Ampicillin
DD567,Ampicillin / sulbactam
DD3168,Ampyra
DD2225,Amrix
DD1813,Anafranil
DD2485,Anakinra
DD3256,Analpram-HC
DD794,Anaprox
DD2954,Anaprox-DS
DD1467,Anastrozole
DD3076,Androderm
DD2495,AndroGel
DD606,Anexsia
DD2645,Angeliq
DD2492,Anoro Ellipta
DD2903,Ansaid
DD1879,Antabuse
DD2004,Antihemophilic factor
DD1721,Antihemophilic factor / von willebrand factor
DD2927,Antipyrine / benzocaine
DD1622,Antivert
DD555,Anturol
DD2172,Anucort-HC
DD277,Anusol-HC Suppositories
DD1818,Apixaban
DD2262,Aplenzin
DD2608,Apokyn
DD1431,Apomorphine
DD443,Apremilast
DD2234,Aprepitant
DD1894,Apri
DD2524,Apriso
DD350,Aptensio XR
DD1817,Aptiom
DD376,Aquavite-E
DD2295,Aquoral
DD2038,Aranesp
DD493,Arava
DD341,Arcalyst
DD3250,Arformoterol
DD498,Arginine
DD1951,Aricept
DD1800,Aricept ODT
DD2752,Arimidex
DD1602,Aripiprazole
DD772,Aristocort
DD2600,Arixtra
DD2098,Armodafinil
DD822,Armour Thyroid
DD71,Arnuity Ellipta
DD2223,Aromasin
DD2761,Arsenic trioxide
DD959,Artane
DD1711,Artemether / lumefantrine
DD1718,Arthrotec
DD720,Asacol
DD91,Asacol HD
DD3160,Ascomp with Codeine
DD3021,Ascorbic acid
DD2112,Asenapine
DD1380,Asendin
DD2018,Ashlyna
DD927,Asmanex Twisthaler
DD1474,Aspirin
DD2417,Aspirin / butalbital / caffeine
DD3080,Aspirin / butalbital / caffeine / codeine
DD2753,Aspirin / caffeine
DD2557,Aspirin / caffeine / orphenadrine
DD1236,Aspirin / caffeine / salicylamide
DD1773,Aspirin / carisoprodol
DD3324,Aspirin / carisoprodol / codeine
DD382,Aspirin / chlorpheniramine / phenylephrine
DD3006,Aspirin / diphenhydramine
DD2475,Aspirin / dipyridamole
DD2721,Aspirin / oxycodone
DD3305,Astelin
DD1869,Astepro
DD2254,Asthmanefrin
DD2873,Atacand
DD1735,Atarax
DD2881,Atazanavir
DD843,Atelvia
DD691,Atenolol
DD1975,Atenolol / chlorthalidone
DD1983,Ativan
DD1648,Atomoxetine
DD2822,Atorvastatin
DD2463,Atovaquone
DD2871,Atovaquone / proguanil
DD1574,Atralin
DD247,Atripla
DD2802,Atropine
DD1764,Atropine / difenoxin
DD109,Atropine / diphenoxylate
DD1340,Atropine / hyoscyamine / phenobarbital / scopolamine
DD2890,Atrovent
DD2136,Atrovent HFA
DD459,Atrovent Nasal
DD2513,Attapulgite
DD675,Aubagio
DD1571,Aubra
DD2517,Augmentin
DD777,Augmentin ES-600
DD2726,Augmentin XR
DD1680,Auranofin
DD2611,Auryxia
DD2458,Avalide
DD1149,Avanafil
DD952,Avandamet
DD1296,Avandia
DD1252,Avapro
DD1182,Avar
DD353,Avar LS Cleanser
DD618,Avastin
DD536,Aveed
DD196,Aveeno
DD986,Avelox
DD1792,Aventyl Hydrochloride
DD2138,Aviane
DD1891,Avinza
DD2483,Avita
DD477,Avodart
DD3339,Avonex
DD381,Avonex Pen
DD733,Axert
DD1578,Axid
DD1704,Axid AR
DD204,Axiron
DD2701,Aygestin
DD2242,Ayr Saline Nasal
DD1166,Azacitidine
DD539,Azasan
DD1794,Azasite
DD1198,Azathioprine
DD954,Azelaic acid
DD621,Azelastine
DD2698,Azelastine / fluticasone
DD3169,Azelex
DD2510,Azilect
DD235,Azilsartan medoxomil
DD3206,Azilsartan medoxomil / chlorthalidone
DD806,Azithromycin
DD1234,Azithromycin Dose Pack
DD1745,Azmacort
DD149,Azo Urinary Pain Relief
DD1144,Azo-Cranberry
DD59,Azo-Standard
DD1238,Azor
DD1715,Azulfidine
DD2614,Azurette
DD1068,B3-500-Gr
DD588,Bacitracin
DD190,Bacitracin / neomycin / polymyxin b
DD2345,Bacitracin / neomycin / polymyxin b / pramoxine
DD724,Bacitracin / polymyxin b
DD412,Baclofen
DD2260,Bactrim
DD2006,Bactrim DS
DD340,Bactroban
DD2527,Bag Balm
DD397,Balsalazide
DD2191,Balsam peru / castor oil / trypsin
DD1110,Balziva
DD2688,Banzel
DD825,Barium sulfate
DD1132,Basaglar
DD1406,Bayer Aspirin
DD931,Bayer Children's Aspirin
DD1399,Bazedoxifene / conjugated estrogens
DD926,BC Fast Pain Relief
DD280,Beclomethasone
DD697,Beconase AQ
DD1812,Bee pollen
DD53,Belbuca
DD2562,Belimumab
DD1893,Belladonna
DD956,Belladonna / opium
DD76,Belladonna Tincture
DD3045,Belsomra
DD119,Belviq
DD1837,Belviq XR
DD1222,Benadryl
DD2351,Benadryl Allergy
DD1258,Benadryl Allergy Sinus
DD942,Benazepril
DD1335,Bendamustine
DD2337,Bendroflumethiazide / nadolol
DD862,BeneFix
DD1532,Benemid
DD2682,Benicar
DD2646,Benicar HCT
DD623,Benlysta
DD3359,Bensal HP
DD2040,Bentyl
DD2690,Benzaclin
DD2715,Benzalkonium chloride / lidocaine
DD3153,Benzamycin
DD3358,BenzEFoam
DD2963,Benzocaine
DD1997,Benzoic acid / salicylic acid
DD1319,Benzonatate
DD2300,Benzoyl peroxide
DD2932,Benzoyl peroxide / clindamycin
DD395,Benzoyl peroxide / erythromycin
DD1300,Benzoyl peroxide / hydrocortisone
DD1070,Benzoyl peroxide / salicylic acid
DD551,Benzoyl peroxide / sulfur
DD1593,Benzphetamine
DD913,Benztropine
DD2090,Benzyl alcohol
DD3377,Bepotastine
DD1644,Bepreve
DD1491,Besifloxacin
DD1317,Besivance
DD2711,Betadine Aerosol Spray
DD1950,Betamethasone
DD2474,Betamethasone / calcipotriene
DD2824,Betapace AF
DD2630,Betaseron
DD2020,Bethanechol
DD845,Bevacizumab
DD1105,Bexarotene
DD1043,Bextra
DD177,Beyaz
DD3247,Biafine
DD2589,Biaxin
DD3274,Biaxin XL
DD2922,Bicalutamide
DD642,Bicillin L-A
DD456,BiDil
DD372,Bifidobacterium infantis / lactobacillus acidophilus
DD2503,Biltricide
DD1810,Bimatoprost
DD1490,Bioflavonoids
DD1026,Biotene Mouthwash
DD423,Biotin
DD1712,Bisacodyl
DD677,Bisacodyl / polyethylene glycol 3350 / potassium chloride / sodium bicarbonate / sodium chloride
DD611,Bismuth subcitrate potassium / metronidazole / tetracycline
DD100,Bismuth subsalicylate
DD2195,Bisoprolol
DD1063,Bisoprolol / hydrochlorothiazide
DD1216,Bivalirudin
DD114,Blephamide
DD2950,Blisovi 24 Fe
DD1309,Blisovi Fe 1 / 20
DD2472,Blisovi Fe 1.5 / 30
DD1396,Blistex
DD2014,Blistex Lip Balm
DD1637,Boceprevir
DD135,Bonine
DD2093,Boniva
DD2683,Bontril PDM
DD1513,Bontril Slow Release
DD2882,Bortezomib
DD701,Bosentan
DD527,Bosulif
DD1461,Botox
DD2833,Botox Cosmetic
DD3088,Botulinum toxin type b
DD2919,Boudreaux Butt Paste
DD1600,BP Wash
DD208,Breo Ellipta
DD2500,Brethine
DD2455,Brexpiprazole
DD487,Briellyn
DD1588,Brilinta
DD1834,Brimonidine
DD2626,Brimonidine / brinzolamide
DD561,Brimonidine / timolol
DD30,Brinzolamide
DD2036,Brisdelle
DD2501,Brivaracetam
DD2634,Briviact
DD364,Brodalumab
DD2114,Bromfed DM
DD615,Bromfenac
DD1055,Bromocriptine
DD1934,Brompheniramine
DD1783,Brompheniramine / codeine / phenylephrine
DD3368,Brompheniramine / dextromethorphan / phenylephrine
DD2421,Brompheniramine / dextromethorphan / pseudoephedrine
DD1963,Brompheniramine / pseudoephedrine
DD746,Bronkaid
DD2303,Brovana
DD1780,BroveX PEB DM
DD517,Buckleys Mixture
DD1535,Budeprion SR
DD1499,Budeprion XL
DD1905,Budesonide
DD563,Budesonide / formoterol
DD1534,Bumetanide
DD263,Bumex
DD2192,Bunavail
DD342,Bupap
DD2507,Bupivacaine
DD1107,Bupivacaine liposome
DD2526,Buprenex
DD1106,Buprenorphine
DD298,Buprenorphine / naloxone
DD2315,Buproban
DD3328,Bupropion
DD896,Bupropion / naltrexone
DD2987,BuSpar
DD2277,Buspirone
DD3246,Busulfan
DD1966,Butabarbital
DD3171,Butalbital Compound
DD1169,Butisol Sodium
DD667,Butoconazole
DD2779,Butorphanol
DD3333,Butrans
DD276,Bydureon
DD2077,Byetta
DD579,Bystolic
DD3158,C1 esterase inhibitor (human)
DD346,Cabergoline
DD2105,Cabozantinib
DD1321,Caduet
DD1024,Cafergot
DD3011,Caffeine
DD234,Caffeine / ergotamine
DD2899,Calamine
DD2359,Calan
DD2269,Calan SR
DD2661,Calcifediol
DD716,Calcipotriene
DD964,Calcitonin
DD1089,Calcitriol
DD3264,Calcium / vitamin d
DD1488,Calcium acetate
DD1301,Calcium carbonate
DD2713,Calcium carbonate / risedronate
DD1494,Calcium carbonate / simethicone
DD2347,Calmoseptine
DD1375,CaloMist
DD359,Cambia
DD2299,Camila
DD3384,Camphor / menthol
DD2790,Campral
DD3319,Camptosar
DD47,Camrese
DD287,CamreseLo
DD2667,Canagliflozin
DD824,Canasa
DD2001,Canasa Pac
DD438,Candesartan
DD2730,Capecitabine
DD566,Capex
DD554,Capmist DM
DD120,Capsaicin
DD2875,Capsin
DD711,Captopril
DD802,Capzasin
DD240,Capzasin-HP
DD2187,Capzasin-P
DD2341,Carac
DD3225,Carafate
DD1633,Carbamazepine
DD524,Carbamide peroxide
DD1497,Carbatrol
DD1597,Carbidopa / entacapone / levodopa
DD829,Carbidopa / levodopa
DD2839,Carbinoxamine
DD271,Carboplatin
DD2656,Cardizem
DD46,Cardizem CD
DD513,Cardizem LA
DD2731,Cardura
DD293,Cardura XL
DD1108,Carfilzomib
DD787,Cariprazine
DD2959,Carisoprodol
DD1798,Carmol 20
DD1737,Cartia XT
DD1927,Carvedilol
DD92,Casodex
DD2975,Cataflam
DD726,Catapres
DD2476,Catapres-TTS
DD1041,Caverject
DD784,Caverject Impulse
DD1724,Caziant
DD3229,Cedax
DD2613,Cefazolin
DD2323,Cefdinir
DD1152,Cefditoren
DD54,Cefixime
DD2042,Cefotaxime
DD96,Cefpodoxime
DD1758,Cefprozil
DD525,Ceftibuten
DD2210,Ceftin
DD847,Ceftriaxone
DD200,Cefuroxime
DD2564,Cefzil
DD1102,Celebrex
DD1608,Celecoxib
DD1421,Celexa
DD2454,CellCept
DD2256,Cenestin
DD173,Cepacol Dual Relief Sore Throat
DD1255,Cephalexin
DD418,Cerefolin NAC
DD973,Cerezyme
DD773,Certolizumab
DD323,Cervidil
DD437,Cesamet
DD893,Cetaphil Lotion
DD3293,Cetirizine
DD2724,Cetirizine / pseudoephedrine
DD336,Cetuximab
DD143,Cevimeline
DD2160,Chantix
DD3279,Chaparral
DD1454,Chateal
DD1451,Cheratussin AC
DD3203,Cheratussin DAC
DD2776,Children's Claritin Allergy
DD1498,Children's Motrin
DD2389,Chlophedianol / guaifenesin / pseudoephedrine
DD742,Chlor-Trimeton
DD2704,Chloral hydrate
DD1931,Chlorambucil
DD2144,Chloramphenicol
DD1793,Chloraseptic Sore Throat Spray
DD2938,Chlorcyclizine / phenylephrine
DD356,Chlordiazepoxide
DD967,Chlordiazepoxide / clidinium
DD646,Chlorhexidine
DD2502,Chlorothiazide
DD559,Chlorpheniramine
DD1903,Chlorpheniramine / dextromethorphan
DD2647,Chlorpheniramine / dextromethorphan / phenylephrine
DD632,Chlorpheniramine / dextromethorphan / pseudoephedrine
DD1112,Chlorpheniramine / hydrocodone
DD3202,Chlorpheniramine / hydrocodone / phenylephrine
DD1445,Chlorpheniramine / hydrocodone / pseudoephedrine
DD1462,Chlorpheniramine / methscopolamine / phenylephrine
DD3219,Chlorpheniramine / methscopolamine / pseudoephedrine
DD2358,Chlorpheniramine / phenylephrine
DD2059,Chlorpheniramine / pseudoephedrine
DD2760,Chlorpromazine
DD2035,Chlorthalidone
DD446,Chlorzoxazone
DD2091,Cholecalciferol
DD2669,Cholecalciferol / folic acid
DD2736,Cholestyramine
DD1116,Cholestyramine Light
DD614,Chondroitin / glucosamine
DD2413,Chondroitin / glucosamine / methylsulfonylmethane
DD1423,Chorionic gonadotropin (hcg)
DD705,Chromium picolinate
DD2194,Cialis
DD1575,Ciclesonide
DD132,Ciclodan
DD607,Ciclopirox
DD1643,Cilostazol
DD2632,Cimetidine
DD771,Cimzia
DD668,Cinacalcet
DD3128,Cinqair
DD2152,Cinryze
DD1692,Cipro
DD3308,Ciprodex
DD88,Ciprofloxacin
DD940,Ciprofloxacin / dexamethasone
DD75,Cisplatin
DD1019,Citalopram
DD281,CitraNatal 90 DHA
DD1639,CitraNatal Assure
DD3094,Citrate of Magnesia
DD1048,Citric acid / magnesium oxide / sodium picosulfate
DD1784,Citric acid / potassium citrate
DD2211,Citric acid / simethicone / sodium bicarbonate
DD3362,Cladribine
DD998,Claravis
DD1275,Clarifoam EF
DD1935,Clarinex
DD1646,Clarinex-D 12 Hour
DD3199,Clarithromycin
DD1847,Claritin
DD145,Claritin-D
DD3263,Claritin-D 12 Hour
DD67,Claritin-D 24 Hour
DD322,ClearLax
DD06,Clemastine
DD2668,Cleocin
DD620,Cleocin HCl
DD2789,Cleocin Ovules
DD2648,Climara
DD2107,Climara Pro
DD2456,Clindagel
DD1318,Clindamax
DD755,Clindamycin
DD1601,Clindamycin / tretinoin
DD2054,Clindesse
DD1460,Clinoril
DD578,Clinpro 5000
DD1044,Clioquinol
DD3265,Clioquinol / hydrocortisone
DD1016,Clobazam
DD198,Clobetasol
DD38,Clobex
DD3106,Clocortolone
DD2275,Cloderm
DD3039,Clomid
DD1370,Clomiphene
DD2636,Clomipramine
DD2445,Clonazepam
DD676,Clonidine
DD2185,Clopidogrel
DD2785,Clorazepate
DD1100,Clotrimazole
DD953,Clove
DD859,Clozapine
DD2430,Clozaril
DD360,Co-trimoxazole
DD1848,Coagulation factor ix
DD2506,Coal tar
DD301,Coal tar / salicylic acid / sulfur
DD2074,Coartem
DD1365,Cobicistat / darunavir
DD3154,Cobicistat / elvitegravir / emtricitabine / tenofovir
DD3118,Cobicistat / elvitegravir / emtricitabine / tenofovir alafenamide
DD112,Codeine
DD2725,Codeine / guaifenesin
DD3110,Codeine / guaifenesin / pseudoephedrine
DD1740,Codeine / promethazine
DD2813,Codimal DM
DD469,Coenzyme Q10
DD1248,Cogentin
DD243,Colace
DD538,Colazal
DD29,Colchicine
DD420,Colchicine / probenecid
DD897,Colcrys
DD3209,Colesevelam
DD749,Collagenase
DD508,Collagenase clostridium histolyticum
DD2452,Colyte
DD1174,Combigan
DD1850,CombiPatch
DD1925,Combivent
DD3356,Combivent Respimat
DD2545,Combivir
DD1416,Cometriq
DD2926,Commit
DD478,Compazine
DD2997,Complera
DD1154,Compoz Nighttime Sleep Aid
DD1562,Compro
DD160,Comtan
DD1943,Concept DHA
DD694,Concerta
DD1389,Condylox
DD1096,Conestat alfa
DD3397,Conivaptan
DD941,Conjugated estrogens
DD1523,Conjugated estrogens / medroxyprogesterone
DD1496,Constulose
DD651,Contrave
DD309,Copaxone
DD230,Copegus
DD3183,Copper
DD1381,CoQ10
DD244,Cordarone
DD3234,Cordran Tape
DD610,Coreg
DD1595,Coreg CR
DD1412,Corgard
DD2416,Coricidin HBP Cold & Flu
DD728,Coricidin HBP Cough & Cold
DD775,Corn Huskers Lotion
DD3034,Correctol
DD3376,Cortef
DD1957,Cortenema
DD3050,Corticotropin
DD1007,Cortisone
DD2151,Cortizone-10
DD328,Corzide 80 / 5
DD1378,Cosamin DS
DD684,Cosentyx
DD1896,Cosopt
DD2129,Coumadin
DD1027,Cozaar
DD57,Cranberry
DD770,Creatine
DD1915,Creon
DD2821,Crestor
DD899,Crinone
DD1517,Crisaborole
DD1504,Crizotinib
DD2935,Cromolyn
DD3407,Crotamiton
DD126,Cryselle
DD2087,Cubicin
DD1776,Cutar
DD2621,Cutivate
DD466,Cuvitru
DD2181,Cyanocobalamin
DD1542,Cyclafem 1 / 35
DD1729,Cyclessa
DD3379,Cyclizine
DD2797,Cyclobenzaprine
DD2505,Cyclopentolate
DD597,Cyclophosphamide
DD256,Cyclosporine
DD494,Cyklokapron
DD643,Cylert
DD2649,Cymbalta
DD2994,Cyproheptadine
DD352,Cyred
DD1329,Cytomel
DD1673,Cytotec
DD580,Cytoxan
DD3302,Cytra-K
DD2576,D3
DD1125,D.H.E. 45
DD900,Dabigatran
DD732,Dabrafenib
DD2116,Daclatasvir
DD3373,Daklinza
DD1473,Dalfampridine
DD21,Daliresp
DD2917,Dallergy
DD39,Dalmane
DD2666,Damiana
DD977,Danazol
DD1316,Danocrine
DD2148,Dantrolene
DD1872,Dapagliflozin
DD2283,Dapagliflozin / metformin
DD262,Dapsone
DD2879,Daptomycin
DD2232,Daraprim
DD1772,Darbepoetin alfa
DD669,Darifenacin
DD1625,Darunavir
DD90,Darvocet A500
DD2370,Darvocet-N 50
DD2026,Darvon
DD1630,Dasabuvir / ombitasvir / paritaprevir / ritonavir
DD3226,Dasatinib
DD530,Dasetta 1 / 35
DD1855,Dasetta 7 / 7 / 7
DD1500,Daypro
DD1276,Daytrana
DD2654,Dazidox
DD528,DDAVP
DD1933,DDAVP Nasal
DD1808,Debrox
DD2334,Decadron
DD2384,Declomycin
DD2009,Deconamine
DD1876,Degarelix
DD2983,Dehydroepiandrosterone
DD1819,Delatestryl
DD1347,Delsym
DD1086,Delsym 12 Hour Cough Relief
DD2691,Deltasone
DD3122,Delzicol
DD274,Demeclocycline
DD861,Demerol
DD2155,Denavir
DD2302,Denosumab
DD2768,Depakene
DD3212,Depakote
DD3309,Depakote ER
DD1681,Depakote Sprinkles
DD476,Deplin
DD348,Depo-Medrol
DD2904,Depo-Provera
DD3255,Depo-Provera Contraceptive
DD1700,depo-subQ provera 104
DD1314,Depo-Testosterone
DD2292,Dermal filler
DD3294,Dermatop
DD273,DermaZinc Shampoo
DD2769,Desipramine
DD1449,Desloratadine
DD27,Desloratadine / pseudoephedrine
DD1697,Desmopressin
DD2314,Desogen
DD1558,Desogestrel / ethinyl estradiol
DD241,Desonate
DD473,Desonide
DD311,DesOwen
DD712,Desoximetasone
DD3018,Desoxyn
DD2679,Desvenlafaxine
DD2533,Desyrel
DD1617,Desyrel Dividose
DD2803,Detrol
DD754,Detrol LA
DD1078,Devrom
DD2727,Dexamethasone
DD1892,Dexamethasone / neomycin / polymyxin b
DD442,Dexamethasone / tobramycin
DD1524,Dexamethasone Intensol
DD2765,Dexasone
DD2855,Dexbrompheniramine / pseudoephedrine
DD626,Dexchlorpheniramine
DD2744,Dexchlorpheniramine / dextromethorphan / pseudoephedrine
DD1621,Dexedrine
DD689,Dexilant
DD3268,Dexlansoprazole
DD3228,Dexmethylphenidate
DD2895,Dexpak Taperpak
DD330,Dexpanthenol
DD2795,Dextroamphetamine
DD3258,Dextromethorphan
DD2490,Dextromethorphan / guaifenesin
DD1369,Dextromethorphan / guaifenesin / phenylephrine
DD3194,Dextromethorphan / guaifenesin / pseudoephedrine
DD3370,Dextromethorphan / phenylephrine / pyrilamine
DD2021,Dextromethorphan / promethazine
DD60,Dextromethorphan / quinidine
DD902,Dextrostat
DD1341,Diamox
DD641,Diamox Sequels
DD904,Diastat
DD2673,Diastat AcuDial
DD1748,Diazepam
DD2627,Diazepam Intensol
DD2442,Diazoxide
DD2348,Dibucaine
DD2266,Dichlorphenamide
DD1683,Diclegis
DD2373,Diclofenac
DD3245,Diclofenac / misoprostol
DD1134,Dicloxacillin
DD1874,Dicyclomine
DD115,Didrex
DD2586,Dienogest / estradiol
DD2410,Diethylpropion
DD2207,Differin
DD1547,Dificid
DD599,Diflorasone
DD3363,Diflucan
DD3289,Diflunisal
DD1051,Difluprednate
DD2733,Digoxin
DD2423,Dihydroergotamine
DD2974,Dilantin
DD1940,Dilaudid
DD1632,Dilaudid-HP
DD3063,Dilt-XR
DD50,Diltiazem
DD534,Dimenhydrinate
DD2529,Dimetapp Children's Cold & Cough
DD1136,Dimethyl fumarate
DD992,Dimethyl sulfoxide
DD1230,Dinoprostone
DD2117,Diosmiplex
DD481,Diovan
DD233,Diovan HCT
DD2288,Diphenhydramine
DD12,Diphenhydramine / hydrocortisone
DD1522,Diphenhydramine / naproxen
DD537,Diphenhydramine / phenylephrine
DD619,Diphenhydramine / pseudoephedrine
DD937,Diphenidol
DD2409,Diprivan
DD1196,Diprolene AF
DD2331,Diprosone
DD2787,Disopyramide
DD1949,Disulfiram
DD1444,Ditropan
DD3287,Ditropan XL
DD3243,Diurex Water Capsules
DD970,Divalproex sodium
DD605,Divigel
DD2570,Doans Pills Extra Strength
DD858,Doc-Q-Lax
DD2039,Docetaxel
DD1453,Docosanol
DD1873,Doculax
DD780,Docusate
DD2395,Docusate / senna
DD2916,Dofetilide
DD2067,Dolgic Plus
DD1039,Dolobid
DD1506,Dolophine
DD1139,Dolutegravir
DD3078,Donepezil
DD3108,Dong quai
DD133,Donnatal
DD1097,Doral
DD1589,Dornase alfa
DD823,Doryx
DD593,Dorzolamide
DD1062,Dorzolamide / timolol
DD137,Dostinex
DD2342,Dovonex
DD2443,Doxazosin
DD1986,Doxepin
DD2080,Doxorubicin
DD1156,Doxy 100
DD2165,Doxycycline
DD1551,Doxylamine
DD2577,Doxylamine / pyridoxine
DD2595,Dramamine
DD919,Dramamine II
DD3260,Dramamine Less Drowsy
DD1190,Drixoral Cold / Flu
DD1755,Drixoral Cold and Allergy
DD1443,Dronabinol
DD878,Dronedarone
DD851,Droperidol
DD2755,Drospirenone / estradiol
DD1836,Drospirenone / ethinyl estradiol
DD217,Drospirenone / ethinyl estradiol / levomefolate calcium
DD3254,Drysol
DD3017,Duac
DD1188,Duavee
DD978,Duet DHA
DD2923,Duexis
DD2200,Dulaglutide
DD1914,Dulcolax
DD1401,Dulcolax Laxative
DD3284,Dulcolax Stool Softener
DD2487,Dulera
DD2552,Duloxetine
DD960,DuoNeb
DD2078,Duoplant
DD502,Dupilumab
DD3216,Dupixent
DD1661,Duragesic
DD1082,Duramorph
DD1060,Durezol
DD3214,Dutasteride
DD2843,Dutasteride / tamsulosin
DD332,Dyanavel XR
DD3056,Dyazide
DD1884,Dymista
DD52,Dynacin
DD1153,Dysport
DD2448,Ecallantide
DD2032,Echinacea
DD2291,Econazole
DD3145,EContra EZ
DD449,Ed A-Hist
DD1104,Edarbi
DD857,Edarbyclor
DD156,Edex
DD1344,Edluar
DD3367,Efavirenz
DD1124,Efavirenz / emtricitabine / tenofovir
DD905,Effexor
DD1978,Effexor XR
DD1807,Effient
DD608,Efinaconazole
DD3005,Eflornithine
DD2664,Efudex
DD2619,Egrifta
DD909,Elavil
DD253,Elbasvir / grazoprevir
DD2902,Electrolyte replacement solutions
DD2639,Elestat
DD3013,Elestrin
DD1939,Eletriptan
DD638,Elidel
DD3054,Eligard
DD1274,Elimite
DD1510,Elinest
DD408,Eliquis
DD2336,ella
DD830,Elmiron
DD2739,Elocon
DD774,Eltrombopag
DD22,Eluxadoline
DD335,Embeda
DD2240,Embeline
DD41,Emend
DD2678,Emetrol
DD935,Emla
DD3024,Emollients
DD568,Empagliflozin
DD2147,Empagliflozin / linagliptin
DD2130,Empagliflozin / metformin
DD763,Emsam
DD2219,Emtricitabine / rilpivirine / tenofovir
DD2286,Emtricitabine / rilpivirine / tenofovir alafenamide
DD1426,Emtricitabine / tenofovir
DD354,Enablex
DD698,Enalapril
DD2092,Enbrel
DD1972,Endocet
DD1327,Enemeez Mini
DD2800,Enfuvirtide
DD161,Enjuvia
DD1466,EnLyte
DD1098,Enoxaparin
DD518,Enskyce
DD305,Enstilar
DD1863,Entacapone
DD637,EnteraGam
DD3112,Entocort EC
DD2037,Entresto
DD2063,Entyvio
DD42,Enulose
DD2998,Enzalutamide
DD1031,Eovist
DD3295,Epclusa
DD2279,Ephedrine
DD2585,Ephedrine / guaifenesin
DD188,EpiCeram
DD1033,Epidrin
DD1053,Epiduo
DD3307,Epiduo Forte
DD2113,Epinastine
DD3316,Epinephrine
DD2977,EpiPen
DD3195,Epitol
DD1229,Epivir
DD2815,Epivir-HBV
DD1059,Eplerenone
DD175,Epoetin alfa
DD2883,Epogen
DD2307,Epoprostenol
DD2520,Epzicom
DD3241,Equetro
DD118,Erbitux
DD2415,Ergocalciferol
DD1677,Ergomar
DD2913,Ergotamine
DD3033,Eribulin
DD398,Erlotinib
DD327,Errin
DD2196,Ery Pads
DD757,Ery-Tab
DD1852,Erythromycin
DD2123,Escitalopram
DD1586,Esgic
DD1953,Esgic-Plus
DD1732,Eskalith
DD2449,Eskalith-CR
DD36,Eslicarbazepine
DD652,Esomeprazole
DD930,Esomeprazole / naproxen
DD1607,Estarylla
DD818,Estazolam
DD1253,Esterified estrogens
DD864,Esterified estrogens / methyltestosterone
DD1989,Estrace
DD2238,Estrace Vaginal Cream
DD808,Estraderm
DD906,Estradiol
DD3032,Estradiol / levonorgestrel
DD1186,Estradiol / norethindrone
DD1739,Estradiol Patch
DD2992,Estrasorb
DD2243,Estratest
DD1323,Estratest H.S.
DD976,Estring
DD1572,Estropipate
DD2868,Eszopiclone
DD257,Etanercept
DD45,Ethacrynic acid
DD2399,Ethambutol
DD573,Ethchlorvynol
DD933,Ethinyl estradiol / ethynodiol
DD334,Ethinyl estradiol / etonogestrel
DD2383,Ethinyl estradiol / folic acid / levonorgestrel
DD804,Ethinyl estradiol / levonorgestrel
DD500,Ethinyl estradiol / norelgestromin
DD306,Ethinyl estradiol / norethindrone
DD719,Ethinyl estradiol / norgestimate
DD1888,Ethinyl estradiol / norgestrel
DD815,Ethosuximide
DD2100,Etodolac
DD2125,Etonogestrel
DD2274,Etravirine
DD2486,Eucrisa
DD2106,Euflexxa
DD2394,Eurax
DD482,Evamist
DD3200,Evekeo
DD195,Evening Primrose Oil
DD13,Everolimus
DD2579,Evista
DD1629,Evolocumab
DD1531,Evoxac
DD1054,Ex-Lax Maximum Relief Formula
DD2491,Exalgo
DD1099,Excedrin
DD3135,Excedrin Back & Body
DD2304,Excedrin PM
DD1066,Excedrin Sinus Headache
DD2201,Excedrin Tension Headache
DD801,Exelon
DD2451,Exemestane
DD2894,Exenatide
DD1710,Exforge
DD2984,Exforge HCT
DD1958,Exparel
DD411,Extina
DD1281,Exubera
DD989,Eylea
DD853,Ezetimibe
DD1223,Ezetimibe / simvastatin
DD2991,Fabior
DD2015,Factive
DD3185,Fallback Solo
DD1395,Falmina
DD2692,Famciclovir
DD1495,Famotidine
DD2836,Famotidine / ibuprofen
DD2532,Famvir
DD1979,Fanapt
DD450,Fansidar
DD1678,Farxiga
DD245,Faslodex
DD3085,Fast Freeze
DD229,Fastin
DD84,Febuxostat
DD3022,Felbamate
DD688,Felbatol
DD1954,Feldene
DD3281,Felodipine
DD3354,Femara
DD2960,Femcon Fe
DD854,femhrt
DD2143,Femring
DD1409,Femtrace
DD521,Fenofibrate
DD1330,Fenofibric acid
DD15,Fenoprofen
DD612,Fentanyl
DD2949,Fentanyl Transdermal System
DD2867,Fentora
DD807,Feraheme
DD1880,Ferralet 90
DD2574,Ferric citrate
DD2355,Ferrlecit
DD3120,Ferrous fumarate
DD781,Ferrous gluconate
DD3095,Ferrous sulfate
DD1221,Ferumoxytol
DD3029,Fesoterodine
DD1828,Fetzima
DD2120,Feverall
DD1598,Fexmid
DD3177,Fexofenadine
DD2684,Fexofenadine / pseudoephedrine
DD3181,Fidaxomicin
DD1247,Filgrastim
DD1976,Finacea
DD489,Finasteride
DD2499,Fingolimod
DD94,Fioricet
DD2805,Fioricet with Codeine
DD1366,Fiorinal
DD3093,Fiorinal with Codeine
DD2694,Firazyr
DD1556,Firmagon
DD1916,Flagyl
DD1702,Flagyl ER
DD2861,Flagyl IV
DD1909,Flanax Pain Reliever
DD531,Flavoxate
DD157,Flecainide
DD484,Flector Patch
DD3315,Fleet Bisacodyl
DD1278,Fleet Enema
DD1130,Fleet Glycerin Suppositories Adult
DD77,Fletchers Castoria
DD318,Flexeril
DD600,Flibanserin
DD1157,Flomax
DD776,Flonase
DD1991,Flonase Allergy Relief
DD1386,Florastor
DD162,Florinef
DD333,Florinef Acetate
DD812,Flovent
DD868,Flovent HFA
DD2845,Floxin
DD3276,Fluconazole
DD747,Fludara
DD129,Fludarabine
DD764,Fludrocortisone
DD2968,FluMist
DD663,FluMist Quadrivalent
DD2209,Flunisolide
DD884,Fluocinolone
DD3117,Fluocinolone / hydroquinone / tretinoin
DD666,Fluocinonide
DD2918,Fluoride
DD3311,Fluoroplex
DD2367,Fluorouracil
DD735,Fluoxetine
DD3175,Fluoxetine / olanzapine
DD2978,Fluphenazine
DD1429,Flurandrenolide
DD3357,Flurazepam
DD1584,Flurbiprofen
DD453,Fluticasone
DD943,Fluticasone / salmeterol
DD2582,Fluticasone / vilanterol
DD2865,Fluvoxamine
DD117,Fluzone
DD3378,FML Forte Liquifilm
DD1008,Focalin
DD387,Focalin XR
DD80,Folic acid
DD2814,Follicle stimulating hormone
DD1245,Folotyn
DD848,Fondaparinux
DD1887,Foradil Aerolizer
DD86,Formoterol
DD167,Formoterol / mometasone
DD1693,Fortamet
DD3042,Forteo
DD1028,Fortesta
DD903,Fortical
DD591,Fosamax
DD3119,Fosfomycin
DD1299,Fosinopril
DD1204,Fosrenol
DD2777,Fostex Medicated
DD2344,FreshKote
DD3097,Frova
DD928,Frovatriptan
DD1722,Fulvestrant
DD2164,Furosemide
DD1442,Fuzeon
DD3353,Fycompa
DD805,Gabapentin
DD2244,Gabapentin enacarbil
DD2251,Gabarone
DD1734,Gabitril
DD202,Gablofen
DD2239,Gadavist
DD2115,Gadobutrol
DD3208,Gadopentetate dimeglumine
DD2870,Gadoxetate disodium
DD3035,Galantamine
DD1611,Gammagard
DD2766,Gamunex
DD1432,Ganciclovir
DD752,Gardasil
DD1787,Gas-X
DD1911,Gastrocrom
DD2714,Gatifloxacin
DD2924,GaviLyte-C
DD1325,GaviLyte-G
DD543,GaviLyte-N
DD121,Gefitinib
DD1489,Gelnique
DD1168,Gelusil
DD324,Gemcitabine
DD212,Gemfibrozil
DD1379,Gemifloxacin
DD2628,Gemzar
DD1977,Generess Fe
DD867,Generlac
DD2920,Gengraf
DD362,GenTeal
DD2544,Gentian violet
DD1554,Genvoya
DD3062,Geodon
DD1695,Gianvi
DD2908,Gildess 1 / 20
DD962,Gildess 1.5 / 30
DD762,Gildess 24 Fe
DD2944,Gildess Fe 1 / 20
DD2811,Gildess Fe 1.5 / 30
DD2827,Gilenya
DD1217,Gilotrif
DD399,Ginkgo
DD1548,Ginseng
DD2849,Glatiramer
DD1883,Glatopa
DD2132,Glecaprevir / pibrentasvir
DD751,Gleevec
DD223,Glimepiride
DD2205,Glimepiride / pioglitazone
DD3365,Glipizide
DD2946,Glipizide / metformin
DD3138,GlipiZIDE XL
DD1210,Glucophage
DD179,Glucophage XR
DD2149,Glucosamine
DD2615,Glucose
DD987,Glucotrol
DD2051,Glucovance
DD1434,Glumetza
DD1038,Glutamine
DD1606,Glyburide
DD3291,Glyburide / metformin
DD1390,Glycerin
DD2569,Glyset
DD260,Glyxambi
DD2233,Goldenseal
DD485,Golimumab
DD101,GoLYTELY
DD1114,Gonal-f
DD2846,Goody's Extra-Strength Headache Powders
DD111,Goody's Headache Powders
DD2680,Goserelin
DD163,Gralise
DD2976,Gramicidin / neomycin / polymyxin b
DD1565,Granisetron
DD1111,Grifulvin V
DD150,Gris-PEG
DD3180,Griseofulvin
DD2217,Guaifenesin
DD347,Guaifenesin / hydrocodone
DD1647,Guaifenesin / phenylephrine
DD406,Guaifenesin / pseudoephedrine
DD1507,Guanfacine
DD180,Guarana
DD624,Gynazole-1
DD2663,H.P. Acthar Gel
DD3121,Habitrol
DD3336,"Hair, Skin & Nails"
DD1227,Halaven
DD1937,Halcinonide
DD2952,Halcion
DD3275,Haldol
DD1310,Haldol Decanoate
DD1021,HalfLytely and Bisacodyl
DD2422,Halobetasol
DD3386,Halog
DD2086,Halog-E
DD1465,Haloperidol
DD2671,Harvoni
DD546,HC-Derma-Pax
DD463,Headache Relief PM
DD1767,Heather
DD2986,Hecoria
DD1741,Hemax
DD535,Heme iron polypeptide
DD1564,Hemin
DD1967,Hepatitis b adult vaccine
DD3321,Herceptin
DD2365,Hexachlorophene
DD888,Hexalen
DD1971,Hi-Vegi-Lip
DD2512,Hiprex
DD2478,Histrelin
DD898,Hizentra
DD1867,Homatropine / hydrocodone
DD471,Horizant
DD2880,Horse chestnut
DD1913,Humalog
DD2624,Humalog KwikPen
DD1590,Humalog Mix 75 / 25
DD3170,Human papillomavirus vaccine
DD2531,Humate-P
DD3188,Humatin
DD2817,Humatrope
DD907,Humira
DD3141,Humulin N
DD3346,Humulin R U-500 (Concentrated)
DD1424,Hyalgan
DD2305,Hyaluronan
DD441,Hyaluronidase
DD447,Hycodan
DD2857,Hydralazine
DD2859,Hydralazine / hydrochlorothiazide / reserpine
DD431,Hydralazine / isosorbide dinitrate
DD1736,Hydrea
DD1058,Hydrochlorothiazide
DD1298,Hydrochlorothiazide / irbesartan
DD2259,Hydrochlorothiazide / lisinopril
DD349,Hydrochlorothiazide / losartan
DD2759,Hydrochlorothiazide / moexipril
DD3351,Hydrochlorothiazide / olmesartan
DD451,Hydrochlorothiazide / spironolactone
DD955,Hydrochlorothiazide / telmisartan
DD2013,Hydrochlorothiazide / triamterene
DD2771,Hydrochlorothiazide / valsartan
DD2806,Hydrocodone
DD2841,Hydrocodone / ibuprofen
DD832,Hydrocodone / pseudoephedrine
DD627,Hydrocortisone
DD3161,Hydrocortisone / lidocaine
DD1215,Hydrocortisone / neomycin / polymyxin b
DD2108,Hydrocortisone / pramoxine
DD2969,Hydrocortone
DD3399,Hydromet
DD710,Hydromorphone
DD542,Hydroquinone
DD1002,Hydroxocobalamin
DD1684,Hydroxyamphetamine / tropicamide
DD2940,Hydroxychloroquine
DD1272,Hydroxyprogesterone
DD1703,Hydroxyurea
DD2655,Hydroxyzine
DD480,Hylan g-f 20
DD2571,Hylira
DD461,HyoMax
DD427,HyoMax SL
DD2033,HyoMax SR
DD2786,Hyoscyamine
DD363,Hyoscyamine / methenamine / methylene blue / phenyl salicylate
DD1353,Hyoscyamine / methenamine / methylene blue / phenyl salicylate / sodium biphosphate
DD2293,Hyoscyamine / methenamine / methylene blue / sodium biphosphate
DD205,Hyosyne
DD1348,Hypercare
DD1181,Hypotears
DD1349,Hysingla ER
DD3280,Hytrin
DD2023,Hyzaar
DD2840,Hyzine
DD1109,Ibandronate
DD2002,Ibrance
DD2203,Ibrutinib
DD1987,IBU
DD18,Ibudone
DD2366,Ibuprofen
DD1003,Ibuprofen / pseudoephedrine
DD2162,Icatibant
DD1312,Iclusig
DD351,Icosapent
DD1766,Ifex
DD2568,Ifosfamide
DD1202,Ilevro
DD1360,Iloperidone
DD3205,Iluvien
DD222,Imatinib
DD1982,Imbruvica
DD2967,Imdur
DD2551,Imiglucerase
DD2391,Imipramine
DD609,Imiquimod
DD519,Imitrex
DD3318,Imitrex Nasal
DD2602,Imitrex Statdose
DD3178,Immune globulin intravenous
DD1141,Immune globulin intravenous and subcutaneous
DD901,Immune globulin oral
DD880,Immune globulin subcutaneous
DD1663,Imodium
DD2658,Imodium A-D
DD1057,Imotil
DD1654,Implanon
DD1815,Imuran
DD2426,Inapsine
DD1179,Incivek
DD2534,IncobotulinumtoxinA
DD1612,Incruse Ellipta
DD1901,Indapamide
DD2612,Inderal
DD1209,Inderal LA
DD3046,Indocin
DD836,Indocin SR
DD2951,Indomethacin
DD407,Infliximab
DD2588,"Influenza virus vaccine, inactivated"
DD2804,"Influenza virus vaccine, live, trivalent"
DD850,Infumorph
DD3104,Ingenol
DD61,Innohep
DD3270,InnoPran XL
DD1960,Inspra
DD809,Insta-Glucose
DD1120,Insulin aspart
DD984,Insulin aspart / insulin aspart protamine
DD509,Insulin degludec
DD73,Insulin detemir
DD1302,Insulin glargine
DD1441,Insulin glulisine
DD2257,"Insulin inhalation, rapid acting"
DD2866,Insulin isophane
DD938,Insulin isophane / insulin regular
DD849,Insulin lispro
DD2245,Insulin lispro / insulin lispro protamine
DD2559,Insulin regular
DD2471,Intal
DD744,Intal Inhaler
DD401,Integra
DD3375,Integra F
DD1246,Interferon alfa-2b
DD3001,Interferon beta-1a
DD3408,Interferon beta-1b
DD1858,Intermezzo
DD3385,Intron A
DD2572,Introvale
DD2045,Intuniv
DD2437,Inulin
DD1569,Invega
DD3139,Invega Sustenna
DD2644,Invega Trinza
DD1372,Invokana
DD2735,Iohexol
DD265,Ionamin
DD778,Ipratropium
DD1701,Ipratropium Inhalation Solution
DD1902,Irbesartan
DD1785,Iressa
DD827,Irinotecan
DD2218,Iron polysaccharide
DD929,Iron sucrose
DD3052,Isentress
DD658,Isocarboxazid
DD865,Isoniazid
DD1865,Isoptin SR
DD2432,Isosorbide dinitrate
DD63,Isosorbide mononitrate
DD2081,Isotretinoin
DD2220,Isoxsuprine
DD692,Isradipine
DD2312,Istalol
DD3296,Istodax
DD3406,Itraconazole
DD2263,Ivabradine
DD148,Ivermectin
DD1665,Ixekizumab
DD1183,Jakafi
DD261,Jalyn
DD1583,Jantoven
DD2124,Janumet
DD2236,Januvia
DD2763,Jardiance
DD1667,Jencycla
DD2603,Jentadueto
DD2390,Jolessa
DD946,Jolivette
DD1797,Jublia
DD291,Juleber
DD2381,Junel 1 / 20
DD2375,Junel 1.5 / 30
DD575,Junel Fe 1 / 20
DD3252,Junel Fe 1.5 / 30
DD106,Junel Fe 24
DD2961,Juvederm Voluma XC
DD1864,Kadian
DD1917,Kaletra
DD1619,Kapidex
DD503,Kapvay
DD2386,Kariva
DD2369,Kava
DD2255,Kazano
DD2385,Keflex
DD2705,Kemadrin
DD1959,Kenalog
DD1358,Kenalog-10
DD2214,Kenalog-40
DD1184,Keppra
DD2631,Keppra XR
DD2175,Kerydin
DD2439,Ketalar
DD3350,Ketamine
DD1570,Ketoconazole
DD1243,Ketoprofen
DD147,Ketorolac
DD727,Ketotifen
DD1582,Keytruda
DD1932,Kineret
DD3172,Kionex
DD552,Klonopin
DD2853,Klonopin Wafer
DD2782,Klor-Con
DD2990,KneeRelief
DD1004,Kombiglyze XR
DD3084,Krystexxa
DD3396,Kybella
DD3288,Kyleena
DD2878,Kytril
DD2567,L-Carnitine
DD1211,L-methylfolate
DD1840,L-Methylfolate Calcium
DD1469,Labetalol
DD2825,Lac-Hydrin
DD1085,Lacosamide
DD1137,Lacrisert
DD944,Lactaid
DD472,Lactase
DD1447,Lactic acid
DD102,Lactobacillus acidophilus
DD1415,Lactulose
DD282,Lagesic
DD1777,Lamictal
DD520,Lamictal ODT
DD1920,Lamictal XR
DD501,Lamisil
DD2549,Lamisil AT
DD661,Lamivudine
DD1636,Lamivudine / zidovudine
DD3126,Lamotrigine
DD877,Lanacane
DD1126,Lanolin
DD1305,Lanoxicaps
DD981,Lansoprazole
DD1203,Lanthanum carbonate
DD2357,Lantus
DD966,Lantus Solostar
DD1519,Lariam
DD3282,Larin 24 Fe
DD657,Larin Fe 1 / 20
DD2553,Larissia
DD1266,Lasix
DD3360,Lastacaft
DD168,Latanoprost
DD2215,Latisse
DD1398,Latuda
DD2258,Lazanda
DD590,Leader Nicotine Polacrilex
DD2653,Lecithin
DD1687,Ledipasvir / sofosbuvir
DD3341,Leflunomide
DD2521,Lemtrada
DD464,Lenalidomide
DD1235,Lesinurad
DD2428,Lessina
DD25,Letairis
DD2872,Letrozole
DD296,Leukeran
DD672,Leuprolide
DD2153,Leustatin
DD3016,Levalbuterol
DD2518,Levaquin
DD2996,Levemir
DD2830,Levetiracetam
DD2429,Levitra
DD2535,Levlen
DD2340,Levo-T
DD1363,Levocetirizine
DD945,Levodopa
DD589,Levofloxacin
DD2854,Levomilnacipran
DD1955,Levonorgestrel
DD1167,Levora
DD3267,Levorphanol
DD238,Levothroid
DD3327,Levothyroxine
DD1555,Levoxyl
DD1123,Levsin
DD3071,Levsin SL
DD540,Lexapro
DD1561,Lexiscan
DD2177,Lialda
DD2378,Librax
DD622,Librium
DD1660,Lidex
DD428,Lidocaine
DD2539,Lidocaine / menthol
DD1455,Lidocaine / prilocaine
DD492,Lidocaine Viscous
DD2025,Lidoderm
DD3193,Lifitegrast
DD649,Liletta
DD617,Lillow
DD1155,Limbitrol
DD3347,Limbitrol DS
DD3040,Limbrel
DD2966,Limbrel 500
DD1885,Linaclotide
DD3090,Linagliptin
DD2297,Linagliptin / metformin
DD2620,Lincocin
DD1119,Lincomycin
DD1193,Linezolid
DD3091,Linzess
DD2169,Lioresal
DD2326,Lioresal Intrathecal
DD3159,Liothyronine
DD479,Lipitor
DD581,Lipofen
DD3334,Liquid Co-Q10
DD1232,Liraglutide
DD2681,Lisdexamfetamine
DD562,Lisinopril
DD2934,Lithium
DD2592,Lithobid
DD2685,Lithostat
DD1292,Livalo
DD2842,LMX 4
DD2897,LMX 5
DD2925,Lo / Ovral
DD1224,Lo / Ovral-28
DD201,Lo Loestrin Fe
DD3073,Locoid Lipocream
DD2327,Lodine
DD1614,Loestrin 21 1 / 20
DD1857,Loestrin 21 1.5 / 30
DD1994,Loestrin 24 Fe
DD3342,Loestrin Fe 1 / 20
DD1890,Loestrin Fe 1.5 / 30
DD3227,Lomaira
DD708,Lomedia 24 Fe
DD1304,Lomotil
DD3156,Lonox
DD2941,Loperamide
DD2599,Lopid
DD2406,Lopinavir / ritonavir
DD2686,Lopressor
DD2493,Loprox
DD2712,Lorabid
DD3285,Loracarbef
DD2435,Loratadine
DD2313,Loratadine / pseudoephedrine
DD841,Loratadine-D 24 Hour
DD2537,Lorazepam
DD2819,Lorazepam Intensol
DD1244,Lorcaserin
DD765,Lorcet
DD83,Lorcet 10 / 650
DD2161,Lortab
DD236,Loryna
DD1659,Lorzone
DD1861,Losartan
DD715,LoSeasonique
DD2127,Lotemax
DD2250,Lotensin
DD1436,Loteprednol
DD1425,Loteprednol / tobramycin
DD908,Lotrel
DD852,Lotronex
DD997,Lovastatin
DD40,Lovaza
DD1013,Lovenox
DD2848,Low-Ogestrel-21
DD140,Loxapine
DD3179,Lubiprostone
DD1289,Lucentis
DD1529,Ludiomil
DD1948,Lumigan
DD435,Luminal
DD1708,Lunesta
DD2783,Lupron
DD3079,Lupron Depot
DD2089,Lupron Depot-PED
DD3348,Lurasidone
DD1546,Lutera
DD2099,Luvox
DD833,Luvox CR
DD745,Luxiq
DD1484,Lybrel
DD1482,Lyrica
DD3130,Lysine
DD1164,Lysteda
DD1270,Lyza
DD2584,M-End PE
DD3152,M-Zole 3
DD1831,Macitentan
DD358,Macrobid
DD885,Macrodantin
DD3352,Macugen
DD796,Magaldrate / simethicone
DD656,Magnacet
DD1160,Magnesium citrate
DD1430,Magnesium gluconate
DD1081,Magnesium hydroxide
DD2122,Magnesium oxide
DD2519,Magnesium salicylate
DD1371,Magnesium sulfate / potassium sulfate / sodium sulfate
DD1069,Magnevist
DD3259,Makena
DD821,Malarone
DD2066,Malathion
DD317,Mandelamine
DD532,Maprotiline
DD43,Maraviroc
DD2178,Marcaine
DD584,Marezine
DD400,Marinol
DD2973,Marlissa
DD89,Marplan
DD1486,Mavik
DD516,Mavyret
DD1580,Maxair
DD1679,Maxair Autohaler
DD835,Maxalt
DD1354,Maxalt-MLT
DD2280,Maxaron Forte
DD1801,Maxichlor PSE DM
DD760,Maxidone
DD2590,Maxifed DM
DD2953,Maxitrol
DD3099,Maxzide
DD266,MCT
DD2756,Mebaral
DD2392,Mebendazole
DD912,Meclizine
DD3149,Medi-Quik Spray
DD2514,Medium chain triglycerides
DD1599,Medrol
DD2335,Medrol Dosepak
DD01,Medroxyprogesterone
DD2965,Mefenamic acid
DD1285,Mefloquine
DD2213,Megace
DD3114,Megace ES
DD278,Megestrol
DD713,Mekinist
DD1947,Melatonin
DD951,Mellaril
DD2436,Meloxicam
DD300,Melpaque HP
DD1690,Melquin HP
DD2208,Memantine
DD1448,Menactra
DD3248,Menest
DD3364,Meningococcal group B vaccine
DD1759,Menthol
DD686,Menthol / zinc oxide
DD613,Meperidine
DD3053,Meperidine / promethazine
DD2622,Meperitab
DD415,Mephobarbital
DD250,Mephyton
DD1351,Mepivacaine
DD1040,Mepolizumab
DD721,Meprobamate
DD2273,Mepron
DD87,Mercaptopurine
DD2317,Meridia
DD603,Meropenem
DD3007,Mesalamine
DD434,Mestinon
DD1752,Mestinon Timespan
DD33,Mestranol / norethindrone
DD3312,Metadate CD
DD2494,Metamucil
DD557,Metaproterenol
DD232,Metaxalone
DD37,Metformin
DD1014,Metformin / pioglitazone
DD1362,Metformin / rosiglitazone
DD3338,Metformin / saxagliptin
DD366,Metformin / sitagliptin
DD834,Methacholine
DD444,Methadone
DD803,Methadone Diskets
DD3014,Methadose
DD3271,Methamphetamine
DD1707,Methenamine
DD1984,Methergine
DD1539,Methimazole
DD93,Methitest
DD1585,Methocarbamol
DD1744,Methotrexate
DD556,Methscopolamine
DD1980,Methyl salicylate
DD1470,Methylcellulose
DD2361,Methyldopa
DD2796,Methylergonovine
DD2659,Methylin
DD05,Methylin ER
DD2427,Methylnaltrexone
DD2229,Methylphenidate
DD1641,Methylprednisolone
DD2374,Methyltestosterone
DD1945,Metoclopramide
DD799,Metolazone
DD2885,Metoprolol
DD08,Metoprolol Tartrate
DD1143,MetroCream
DD2088,MetroGel
DD1479,MetroGel-Vaginal
DD16,Metronidazole
DD2643,Mevacor
DD565,Mexiletine
DD1046,Mexitil
DD2289,MG217 Medicated Tar
DD560,Miacalcin
DD2261,Mibelas 24 Fe
DD3389,Micardis
DD2633,Micardis HCT
DD1567,Micon 7
DD558,Miconazole
DD2792,Miconazole / zinc oxide
DD1898,Micrainin
DD1544,Microgestin 1 / 20
DD2912,Microgestin 1.5 / 30
DD571,Microgestin Fe 1 / 20
DD3238,Microgestin Fe 1.5 / 30
DD601,Midamor
DD1397,Midazolam
DD429,Midodrine
DD1138,Midol Extended Relief
DD2190,Midol PM
DD1075,Midostaurin
DD430,Mifepristone
DD1756,Migergot
DD587,Migranal
DD1835,Milk of Magnesia
DD1172,Milk thistle
DD3391,Milnacipran
DD1964,Miltown
DD159,Minastrin 24 Fe
DD2898,Minipress
DD1009,Minivelle
DD750,Minocin
DD586,Minocycline
DD886,Minoxidil
DD3116,Mirabegron
DD920,MiraLax
DD1194,Mirapex
DD1284,Mirapex ER
DD680,Mircette
DD2146,Mirena
DD2353,Mirtazapine
DD2062,Mirvaso
DD3304,Misoprostol
DD2876,Mitoxantrone
DD985,Moban
DD1332,Mobic
DD741,Modafinil
DD544,Moexipril
DD1871,Molindone
DD2457,Mometasone
DD3411,Monistat 1-Day or Night Combination Pack
DD2710,Monistat 3-Day Combination Pack
DD2397,Monistat 7
DD184,Monistat 7-Day Combination Pack
DD2016,Mono-Linyah
DD165,Monodox
DD211,Mononessa
DD1052,Monopril
DD1439,Monovisc
DD1868,Montelukast
DD515,Monurol
DD971,Morphine
DD1592,Morphine / naltrexone
DD3232,Motofen
DD2174,Motrin
DD1147,Motrin IB
DD2206,Movantik
DD1001,MoviPrep
DD1402,Moxeza
DD1256,Moxifloxacin
DD1514,MS Contin
DD2511,Mucinex
DD2156,Mucinex D
DD3057,Mucinex D Maximum Strength
DD1720,Mucinex DM
DD1090,Mucinex DM Maximum Strength
DD2914,Mucinex Fast-Max Night Time Cold & Flu
DD3174,Mucinex Fast-Max Severe Congestion & Cough
DD3404,Mucinex Maximum Strength
DD3300,Mucinex Sinus-Max Full Force
DD1833,Mucomyst
DD2617,Multaq
DD1006,Multivitamin
DD386,Multivitamin with iron
DD1806,Multivitamin with minerals
DD396,"Multivitamin, prenatal"
DD1413,Mumps virus vaccine
DD34,Mupirocin
DD2888,Muse
DD2425,MVI Adult
DD753,My Way
DD1356,Mycelex Troche
DD220,Mycophenolate mofetil
DD3221,Mycophenolic acid
DD51,Mydayis
DD2810,Myfortic
DD303,Mylanta
DD468,Mylanta Gas
DD1394,Myleran
DD3361,Myobloc
DD645,Myorisan
DD289,Myrbetriq
DD1061,Mysoline
DD2126,Nabilone
DD496,Nabumetone
DD1769,Nadolol
DD105,Nafarelin
DD2068,Naftifine
DD3297,Naftin
DD1094,Nalbuphine
DD1782,Nalfon
DD892,Naloxegol
DD1452,Naloxone
DD2910,Naloxone / oxycodone
DD2809,Naloxone / pentazocine
DD1825,Naltrexone
DD385,Namenda
DD1254,Namenda XR
DD1929,Naphazoline
DD320,Naphazoline / pheniramine
DD1129,Naprelan
DD2716,Naprosyn
DD1403,Naproxen
DD3269,Naproxen / pseudoephedrine
DD786,Naproxen / sumatriptan
DD3388,Naratriptan
DD1383,Narcan Injection
DD2540,Nardil
DD3157,Naropin Polyamp
DD731,Nasacort
DD2182,Nasacort Allergy 24HR
DD1946,Nasacort AQ
DD2301,Nasarel
DD2957,Nasonex
DD445,Natalizumab
DD2651,Natazia
DD3061,Natelle One
DD2079,Natesto
DD1832,Natpara
DD1480,Natroba
DD2693,Nature-Throid
DD3402,Navane
DD2816,Nebivolol
DD2076,Necitumumab
DD1410,Necon 1 / 35
DD707,Necon 1 / 50
DD389,Necon 7 / 7 / 7
DD3197,Nedocromil
DD1802,Neevo DHA
DD2241,Nefazodone
DD2525,Neo-Poly-Dex
DD1823,Neoral
DD154,Neostigmine
DD2028,Nepafenac
DD831,Nesina
DD3249,Neulasta
DD1912,Neupogen
DD2687,Neupro
DD1515,Neurontin
DD391,NeutraSal
DD1805,Nevanac
DD999,Nevirapine
DD1603,Nexafed Nasal Decongestant
DD3314,Nexavar
DD2180,Nexium
DD2578,Nexium 24HR
DD1921,Nexium IV
DD1543,Nexplanon
DD1627,Next Choice
DD948,Niacin
DD1789,Niacin / simvastatin
DD2264,Niacinamide
DD2791,Niaspan
DD1022,Nicoderm CQ
DD3283,Nicorette
DD1730,Nicotine
DD2864,Nicotrol Inhaler
DD2558,Nicotrol NS
DD2468,Nifedical XL
DD3065,Nifedipine
DD1981,Niferex
DD1073,Nikki
DD1856,Nilotinib
DD107,Nilstat
DD124,Nimodipine
DD1809,Nimotop
DD1306,Niraparib
DD3140,Niravam
DD2204,Nisoldipine
DD1527,Nitro-Bid
DD1788,Nitro-Dur
DD68,Nitrofurantoin
DD1538,Nitroglycerin
DD1307,Nitrolingual Pumpspray
DD2271,Nitrostat
DD491,Nivolumab
DD625,Nizatidine
DD3371,Nizoral
DD2328,Nizoral A-D
DD2807,Nizoral Shampoo
DD2084,Nizoral Topical
DD1747,NoDoz
DD1537,Nolvadex
DD2101,Nora-Be
DD1458,Norco
DD991,Norditropin
DD2958,Norel SR
DD2139,Norethindrone
DD1034,Norflex
DD199,Norfloxacin
DD723,Norgesic
DD2441,Norgesic Forte
DD3087,Norinyl 1+35
DD2609,Norlyda
DD1269,Normodyne
DD1151,Noroxin
DD1450,Norpace
DD1025,Norpace CR
DD3098,Norpramin
DD2758,Nortrel 1 / 35
DD1973,Nortrel 7 / 7 / 7
DD1799,Nortriptyline
DD1877,Norvasc
DD108,Norvir
DD2548,Nostrilla
DD1101,Novolin 70 / 30
DD2061,Novolin N
DD2947,Novolog
DD1263,NovoLog FlexPen
DD3262,NovoLog Mix 70 / 30
DD2907,NP Thyroid
DD791,Nubain
DD2339,Nucala
DD369,Nucynta
DD2030,Nucynta ER
DD419,Nuedexta
DD2981,NuLYTELY
DD722,NuOx
DD911,Nupercainal
DD1653,Nutraplus
DD988,NuvaRing
DD1579,Nuvessa
DD3150,Nuvigil
DD375,Nuwiq
DD1841,Nystatin
DD141,Nystatin / triamcinolone
DD290,Nytol
DD3392,Oasis Tears
DD1103,OB Complete Gold
DD166,Ocella
DD2856,Octagam
DD1239,Octreotide
DD2082,Ocular lubricant
DD1092,Odefsey
DD693,Ofloxacin
DD95,Ogen
DD3186,Ogestrel-28
DD2561,Olanzapine
DD1161,Oleptro
DD2754,Olmesartan
DD1626,Olodaterol
DD1218,Olodaterol / tiotropium
DD1689,Olopatadine
DD1127,Olux
DD70,Olux-E
DD881,Olysio
DD995,Omacor
DD3306,Omalizumab
DD1906,Omega-3 polyunsaturated fatty acids
DD1083,Omeprazole
DD3010,Omeprazole / sodium bicarbonate
DD2338,Omnaris
DD2818,Omnicef
DD183,Omnipaque 350
DD2734,Omnitrope
DD1280,OnabotulinumtoxinA
DD1483,Ondansetron
DD869,Onexton
DD1854,Onfi
DD2886,Onglyza
DD85,Onzetra Xsail
DD155,Opana
DD3210,Opana ER
DD541,Opcicon One-Step
DD2298,Opcon-A
DD3176,Opdivo
DD2650,Opium
DD1757,Opsumit
DD1713,Optivar
DD1201,Oracea
DD465,Orajel
DD1005,Oramorph SR
DD152,Orap
DD2708,Orencia
DD1560,Orlistat
DD285,Ornex
DD374,Orphenadrine
DD123,Orsythia
DD3220,Ortho Cyclen
DD2094,Ortho Evra
DD251,Ortho Micronor
DD2285,Ortho Tri-Cyclen
DD2775,Ortho Tri-Cyclen Lo
DD284,Ortho-Cept
DD1616,Ortho-Novum 1 / 35
DD2135,Ortho-Novum 7 / 7 / 7
DD2096,Orthovisc
DD1225,Orudis KT
DD1541,Oruvail
DD3134,Orvaten
DD3036,Oseltamivir
DD1315,OsmoPrep
DD1357,Ospemifene
DD3083,Osphena
DD242,Osteo Bi-Flex
DD1509,Otezla
DD268,Otrexup
DD1091,Ovace Plus
DD3000,Ovide
DD994,Ovidrel
DD1042,Oxaliplatin
DD3337,Oxaprozin
DD2407,Oxaydo
DD548,Oxazepam
DD3196,Oxcarbazepine
DD2462,Oxiconazole
DD3272,Oxistat
DD1376,Oxtellar XR
DD547,Oxy-10
DD2780,Oxybutynin
DD2757,Oxycodone
DD2159,OxyContin
DD2110,Oxyfast
DD3173,OxyIR
DD1652,Oxymetazoline
DD1674,Oxymetholone
DD932,Oxymorphone
DD2465,Oxytocin
DD139,Oxytrol
DD78,Ozurdex
DD3344,Pacerone
DD3077,Paclitaxel
DD654,Paclitaxel protein-bound
DD252,Palbociclib
DD918,Palgic
DD384,Paliperidone
DD2989,Palladone
DD3400,Palonosetron
DD1698,Pamabrom
DD3132,Pamelor
DD1631,Pamine
DD248,Pancreatin
DD2459,Pancreaze
DD3113,Pancrelipase
DD1279,Panhematin
DD3405,Panitumumab
DD1640,Panlor SS
DD2228,PanOxyl
DD337,PanOxyl 10% Acne Foaming Wash
DD820,Pantoprazole
DD1651,Parafon Forte DSC
DD2742,ParaGard
DD1191,Paraplatin
DD2466,Parathyroid hormone
DD1029,Paregoric
DD1628,Paremyd
DD3002,Parlodel
DD249,Parnate
DD2743,Paromomycin
DD2874,Paroxetine
DD3235,Pataday
DD288,Patanase
DD2580,Patanol
DD1352,Paxil
DD178,Paxil CR
DD3115,Pazeo
DD2034,Pazopanib
DD2530,Pedi-Dri
DD2869,Pedipirox-4
DD761,PEG3350
DD246,PEG-3350 with Electolytes
DD639,Peganone
DD2267,Pegasys
DD2246,Pegfilgrastim
DD3395,Peginterferon alfa-2a
DD1826,Peginterferon beta-1a
DD326,Pegloticase
DD2380,Pembrolizumab
DD1045,Pemetrexed
DD1293,Pemirolast
DD2329,Pemoline
DD128,Penciclovir
DD2729,Penicillamine
DD2446,Penicillin g benzathine
DD2906,Penicillin v potassium
DD1148,Penicillin VK
DD1671,Penlac
DD979,Penlac Nail Lacquer
DD650,Pennsaid
DD1387,Pennyroyal
DD2794,Pentasa
DD3060,Pentazocine
DD31,Pentobarbital
DD07,Pentosan polysulfate sodium
DD3257,Pentothal
DD1373,Pentoxifylline
DD709,Pepcid
DD3075,Pepcid AC Chewable Tablets
DD32,Peppermint
DD1907,Pepto-Bismol
DD3403,Perampanel
DD2049,Percocet
DD2179,Percodan
DD1635,Perforomist
DD1350,Peri-Colace
DD2672,Peridex
DD2887,Perindopril
DD1187,Periogard
DD3382,Permethrin
DD1961,Pernox
DD122,Perphenazine
DD529,Pexeva
DD647,Phenazopyridine
DD1208,Phendiet
DD736,Phendimetrazine
DD3147,Phenelzine
DD3137,Phenergan
DD3323,Phenobarbital
DD2762,Phenohytro
DD596,Phenol
DD914,Phentercot
DD1952,Phentermine
DD2377,Phentermine / topiramate
DD1691,Phentride
DD02,Phenylephrine
DD1477,Phenylephrine / pramoxine
DD1267,Phenylephrine / pyrilamine
DD2774,Phenytek
DD704,Phenytoin
DD1786,Philith
DD3374,Phillips Colon Health
DD315,Phillips' Milk of Magnesia
DD598,PhosLo
DD2498,Phosphasal
DD3081,Phosphorated carbohydrate solution
DD1346,Phrenilin
DD2248,Phytonadione
DD1047,Picato
DD254,Pilocarpine
DD2388,Pima
DD1738,Pimecrolimus
DD3372,Pimozide
DD1487,Pimtrea
DD2638,Pin-X
DD2253,Pindolol
DD1219,Pioglitazone
DD144,Piperacillin / tazobactam
DD98,Piperonyl butoxide / pyrethrins
DD2948,Pirbuterol
DD2017,Pirmella 1 / 35
DD3004,Piroxicam
DD403,Pitavastatin
DD1087,Plan B
DD1294,Plan B One-Step
DD49,Plaquenil
DD1150,Platinol
DD846,Plavix
DD1563,Plecanatide
DD1803,Plegridy
DD1672,Plendil
DD3102,Pletal
DD1113,Plexion Cleanser
DD1440,Pneumococcal 13-valent vaccine
DD2972,Pneumococcal 23-polyvalent vaccine
DD2635,Podofilox
DD3068,Podophyllum resin
DD2834,Polidocanol
DD1502,Polocaine
DD35,Polyethylene glycol 3350
DD467,Polyethylene glycol 3350 with electrolytes
DD2522,Polymyxin b / trimethoprim
DD2306,Polysporin First Aid Antibiotic Ointment
DD2801,Polytrim
DD616,Pomalidomide
DD866,Pomalyst
DD2937,Ponatinib
DD1749,Ponstel
DD1226,Portia
DD383,Potassium chloride
DD2022,Potassium iodide
DD2891,Povidone iodine
DD965,PR Natal 400
DD957,Pradaxa
DD3049,Pralatrexate
DD3072,Praluent
DD227,Pramipexole
DD660,Pramlintide
DD1165,Pramosone
DD417,Pramoxine
DD2376,Prandin
DD2405,Prasugrel
DD2862,Pravachol
DD1762,Pravastatin
DD1463,Prax
DD1459,Praziquantel
DD2060,Prazosin
DD1878,Prednicarbate
DD1941,Prednicot
DD258,Prednisolone
DD1926,Prednisolone / sulfacetamide sodium
DD2024,Prednisone
DD1142,Prefrin
DD357,Pregabalin
DD1185,Pregnyl
DD1020,Premarin
DD2227,Premarin Vaginal
DD1382,Premphase
DD2740,Prempro
DD3167,Prenatal Plus
DD3224,PreNexa
DD1408,Prepopik
DD2750,Prevacid
DD782,Prevacid OTC
DD790,Prevacid SoluTab
DD1241,Prevalite
DD1290,Previfem
DD181,Prevnar 13
DD3163,Prevpac
DD664,Prezcobix
DD2055,Prezista
DD1404,Prialt
DD602,Prilosec
DD702,Prilosec OTC
DD2799,Primatene
DD687,Primatene Mist
DD174,Primidone
DD1131,Primlev
DD569,Prinivil
DD2460,Prinzide
DD2999,Pristiq
DD452,Privigen
DD1385,Privine
DD79,Pro-Den Rx
DD2943,ProAir HFA
DD2642,ProAir RespiClick
DD3111,ProAmatine
DD816,Probenecid
DD1763,Probenecid and Colchicine
DD1288,Procardia
DD1508,Procardia XL
DD314,ProCentra
DD1992,Prochlorperazine
DD3253,Procrit
DD339,Proctofoam
DD1666,Proctofoam HC
DD1037,Proctosol-HC
DD1576,Procyclidine
DD895,Prodrin
DD682,ProFe
DD3184,Proferrin-ES
DD1493,Progesterone
DD392,Proglycem
DD3129,Prograf
DD3261,Prolastin-C
DD1485,Prolensa
DD819,Proleukin
DD1249,Prolia
DD2982,Prolixin
DD3335,Promacta
DD2543,Promethazine
DD3251,Promethazine DM
DD2844,Prometrium
DD2343,Propafenone
DD176,Propecia
DD1751,Propofol
DD3125,Propoxyphene
DD1074,Propranolol
DD2332,Proscar
DD2773,Protonix
DD1478,Protonix IV
DD2102,Protopic
DD1088,Protriptyline
DD1343,Provenge
DD151,Proventil
DD1998,Proventil HFA
DD1084,Provera
DD2247,Provida DHA
DD2464,Provigil
DD670,Provocholine
DD2598,Prozac
DD2056,Prozac Weekly
DD2829,Pseudoephedrine
DD2581,Pseudoephedrine / triprolidine
DD2496,Psorcon
DD1359,Psorcon E
DD1457,Psoriasin
DD3124,Psyllium
DD2188,Pulmicort Flexhaler
DD1860,Pulmicort Respules
DD1283,Pulmicort Turbuhaler
DD507,Purinethol
DD426,Pylera
DD2222,Pyrantel
DD990,Pyridium
DD1122,Pyridostigmine
DD1895,Pyridoxine
DD2461,Pyrimethamine
DD2728,Pyrimethamine / sulfadoxine
DD855,QNASL
DD2131,Qsymia
DD436,Qualaquin
DD3211,Quasense
DD1240,Quazepam
DD3231,Qudexy XR
DD2788,Questran
DD882,Questran Light
DD2424,Quetiapine
DD2931,Quibron-T
DD3027,Quillivant XR
DD1200,Quinapril
DD685,Quinidine
DD604,Quinine
DD1297,Qutenza
DD1521,Qvar
DD788,R-Tanna
DD740,Rabeprazole
DD678,"Rabies vaccine, human diploid cell"
DD2702,Racepinephrine
DD2955,RadiaPlexRx
DD2546,Rajani
DD1770,Raloxifene
DD270,Raltegravir
DD379,Ramelteon
DD730,Ramipril
DD993,Ranexa
DD2309,Ranibizumab
DD916,Ranitidine
DD2893,Ranolazine
DD2325,Rapaflo
DD2488,Rasagiline
DD2623,Raspberry
DD1923,Rayaldee
DD2352,Rayos
DD1118,Razadyne ER
DD1377,Rea Lo 40
DD2575,Readi-Cat
DD665,Readi-Cat 2
DD2826,Rebetol
DD2420,Rebif
DD1331,Rebif Rebidose
DD62,Reclast
DD631,Reclipsen
DD3244,RectiCare
DD3136,Rectiv
DD3349,Red yeast rice
DD2625,Reese's Pinworm Medicine
DD1337,Refresh Liquigel
DD2071,Refresh PM
DD2838,Regadenoson
DD2029,Reglan
DD1821,Regorafenib
DD1696,Relafen
DD2936,Relenza
DD526,ReliOn / Novolin 70 / 30
DD2509,Relistor
DD2053,Relpax
DD2290,Remeron
DD3390,Remeron SolTab
DD3330,Remicade
DD1212,Remodulin
DD3320,Renagel
DD304,Renvela
DD1199,Repaglinide
DD739,Repatha
DD2601,Reprexain
DD522,Requip
DD325,Requip XL
DD662,Reserpine
DD1064,Reslizumab
DD04,Resorcinol / sulfur
DD2010,Restasis
DD2831,Restoril
DD1093,Retapamulin
DD1993,Retin A Micro
DD1261,Retin-A
DD863,Retisert
DD2085,Retre-Gel
DD2012,Revatio
DD1669,Revia
DD2860,Revlimid
DD1566,Rexulti
DD74,Reyataz
DD158,Rezira
DD3133,Rheumatrex Dose Pack
DD2820,Rhinocort
DD1624,Rhinocort Aqua
DD648,Rho (d) immune globulin
DD216,Rhofade
DD1324,Ribavirin
DD3325,Riboflavin
DD1291,RID
DD2832,Ridaura
DD1384,Rifadin
DD592,Rifampin
DD2316,Rifaximin
DD910,Rilonacept
DD218,Rilutek
DD1355,Riluzole
DD2641,Riociguat
DD104,Risedronate
DD1428,Risperdal
DD2719,Risperdal Consta
DD950,Risperdal M-Tab
DD2278,Risperidone
DD887,Ritalin
DD1171,Ritalin LA
DD1726,Ritalin-SR
DD10,Rituxan
DD1162,Rituximab
DD2276,Rivaroxaban
DD393,Rivastigmine
DD2393,Rizatriptan
DD2005,Robaxin
DD1795,Robaxin-750
DD3107,Robitussin Cold Cough and Flu
DD1790,Robitussin Cough + Chest Congestion DM
DD1295,Robitussin CoughGels Long-Acting
DD2000,Rocaltrol
DD2163,Rocephin
DD1233,Roflumilast
DD838,Rogaine
DD594,Rogaine Women's
DD2249,Rolapitant
DD405,Romidepsin
DD3038,Romiplostim
DD2197,Ropinirole
DD192,Ropivacaine
DD2657,Rosiglitazone
DD3192,Rosuvastatin
DD975,Rotigotine
DD947,Rowasa
DD980,Roxicet
DD1456,Roxicodone
DD915,Roxicodone Intensol
DD371,Royal jelly
DD3277,Rozerem
DD1688,Rozex
DD1844,Ruconest
DD2008,Rufinamide
DD564,Ruxolitinib
DD549,Rynatan
DD409,Rytary
DD425,Rythmol
DD1796,Rythmol SR
DD700,Ryzolt
DD2075,S-adenosylmethionine
DD2371,Saccharomyces boulardii lyo
DD2387,Sacubitril / valsartan
DD2697,Safyral
DD295,Saizen
DD1262,Salicylic acid
DD331,Salicylic acid / sulfur
DD1417,Salicylic acid / urea
DD917,Saliva substitutes
DD2372,SalivaMAX
DD1437,Salivart
DD1388,Salofalk
DD28,Salonpas Pain Patch
DD1328,Salsalate
DD969,Salvax Duo
DD2011,Sanctura
DD2497,Sanctura XR
DD3048,Sancuso
DD2467,Sandostatin
DD3003,Sansert
DD454,Saphris
DD499,Sarafem
DD1924,Sarna Sensitive
DD1251,Savaysa
DD655,Savella
DD497,Saw palmetto
DD873,Saxagliptin
DD2675,Saxenda
DD714,Schiff Move Free
DD2516,Scopolamine
DD2252,Scullcap
DD2538,Scytera
DD3019,Seasonale
DD570,Seasonique
DD1175,Secobarbital
DD2268,Seconal
DD2287,Seconal Sodium
DD142,Sectral
DD1760,Secukinumab
DD1882,Selegiline
DD2594,Selenium sulfide
DD1475,Selexipag
DD292,Selsun Blue
DD1699,Selzentry
DD2808,Semprex-D
DD2396,Senexon
DD3182,Senna
DD2933,Senna Lax
DD756,Senna Plus
DD1604,Senna S
DD2835,Senokot
DD696,Senokot S
DD1282,Sensipar
DD1779,Sensorcaine-MPF
DD840,Septra
DD633,Septra DS
DD1658,Serax
DD1079,Seroquel
DD103,Seroquel XR
DD1342,Sertaconazole
DD1056,Sertraline
DD3223,Serzone
DD1717,Sevelamer
DD870,Sharobel
DD3187,Sildenafil
DD1587,Silenor
DD255,Siliq
DD03,Silodosin
DD1518,Silvadene
DD2401,Silver
DD1257,Silver sulfadiazine
DD789,Simbrinza
DD681,Simcor
DD574,Simeprevir
DD3146,Simethicone
DD24,Simply Sleep
DD1811,Simponi
DD1733,Simponi Aria
DD1540,Simvastatin
DD875,Sine-Off Maximum Strength
DD269,Sinemet
DD1468,Sinemet CR
DD1919,Sinequan
DD1420,Singulair
DD3074,Sipuleucel-T
DD2928,Sitagliptin
DD2170,Sitavig
DD1333,Skeeter Stik
DD3058,Skelaxin
DD512,Sklice
DD1900,Skyla
DD1533,Sleep Aid
DD1320,Slippery elm
DD894,Slo-Niacin
DD2308,Slow Fe
DD1753,Smoothie Readi-Cat 2
DD514,SMZ-TMP DS
DD221,Sodium bicarbonate
DD170,Sodium biphosphate / sodium phosphate
DD2863,Sodium chloride
DD1694,Sodium hyaluronate
DD889,Sodium hypochlorite
DD2700,Sodium oxybate
DD2554,Sodium polystyrene sulfonate
DD674,Sofosbuvir
DD3143,Sofosbuvir / velpatasvir
DD2346,Solaraze
DD1830,Solarcaine Burn Relief
DD361,Solarcaine First Aid Medicated Spray
DD355,Solifenacin
DD2587,Solodyn
DD3086,Solu-Medrol
DD2150,Soma
DD1374,Soma Compound
DD2737,Soma Compound with Codeine
DD3198,Somatropin
DD2980,Sominex
DD1728,Somnote
DD3301,Sonata
DD1996,Soolantra
DD1368,Sorafenib
DD1650,Soriatane
DD209,Sotalol
DD1511,Sotalol Hydrochloride AF
DD130,Sovaldi
DD1471,Spectazole
DD3191,Spinosad
DD1594,Spiriva
DD1743,Spiriva Respimat
DD210,Spironolactone
DD2547,Sporanox
DD505,Sprintec
DD974,Sprix
DD2118,Sprycel
DD706,Sronyx
DD1525,St. john's wort
DD2767,Stadol
DD2103,Stalevo
DD1642,Stalevo 150
DD2985,Stalevo 200
DD3303,Stavzor
DD433,Staxyn
DD2414,Stelara
DD934,Stelazine
DD2858,Stendra
DD1596,Sterapred DS
DD224,Stimate
DD2070,Stiolto Respimat
DD312,Stivarga
DD3201,Strattera
DD2604,Streptokinase
DD1827,Striant
DD2812,Stribild
DD595,Striverdi Respimat
DD421,Stromectol
DD2945,Sublimaze
DD2133,Suboxone
DD635,Subsys
DD3213,Subutex
DD2837,Succinylcholine
DD3189,Sucralfate
DD511,Sucroferric oxyhydroxide
DD1918,Sudafed 12-Hour
DD1550,Sudafed 24-Hour
DD1010,Sudafed Congestion
DD2915,Sudafed PE Pressure + Pain
DD1675,Sudafed PE Severe Cold
DD3105,Sular
DD1260,Sulfacetamide sodium
DD3044,Sulfacetamide sodium / sulfur
DD2158,Sulfamethoxazole / trimethoprim
DD748,Sulfasalazine
DD3103,Sulfatrim
DD2884,Sulfazine
DD1686,Sulfinpyrazone
DD2772,Sulfur
DD758,Sulindac
DD3292,Sumadan
DD17,Sumatriptan
DD792,Sumavel DosePro
DD390,Sunitinib
DD495,Supartz
DD1023,Supprelin LA
DD99,Suprax
DD2877,Suprep Bowel Prep Kit
DD1018,Sustiva
DD3299,Sutent
DD2964,Suvorexant
DD488,Symax Duotab
DD2798,Symbicort
DD2738,Symbyax
DD1207,Symlin
DD2677,SymlinPen 60
DD1545,Symmetrel
DD1195,Synalar
DD2852,Synarel
DD3239,Synjardy
DD1615,Synthroid
DD1536,Synvisc
DD1778,Synvisc-One
DD1308,Systane
DD1719,Systane Balance
DD1846,Systane Ultra
DD3012,T-Diet
DD1838,Taclonex
DD3236,Taclonex Scalp
DD1731,Tacrolimus
DD3343,Tadalafil
DD1095,Tafinlar
DD1899,Tafluprost
DD1668,Tagamet
DD1427,Take Action
DD69,Talacen
DD3067,Taltz
DD769,Talwin
DD703,Talwin Nx
DD1842,Tambocor
DD2044,Tamiflu
DD2097,Tamoxifen
DD2134,Tamsulosin
DD2333,Tandem
DD2193,Tandem DHA
DD3123,Tanzeum
DD2851,Tapazole
DD783,Tapentadol
DD800,Tarceva
DD1072,Targiniq ER
DD1775,Targretin
DD2173,Tarina Fe 1 / 20
DD2140,Tarka
DD3298,Tasigna
DD2183,Tavaborole
DD3069,Taxol
DD3380,Taxotere
DD3242,Taytulla
DD2294,Tazarotene
DD3387,Tazorac
DD307,Tecfidera
DD1553,Tegaserod
DD1723,Tegretol
DD2722,Tegretol XR
DD1613,Tekturna
DD2064,Tekturna HCT
DD462,Telaprevir
DD219,Telmisartan
DD1213,Temazepam
DD1146,Temodar
DD690,Temovate
DD131,Temozolomide
DD110,Temsirolimus
DD1128,Tenex
DD550,Tenofovir
DD302,Tenoretic 50
DD1311,Tenormin
DD1414,Tenuate
DD2404,Tenuate Dospan
DD2360,Terazol
DD1049,Terazol 7
DD1035,Terazosin
DD213,Terbinafine
DD264,Terbutaline
DD2318,Terconazole
DD2616,Teriflunomide
DD3204,Teriparatide
DD2003,Tesamorelin
DD1610,Tessalon
DD2784,Tessalon Perles
DD297,Testim
DD286,Testopel
DD1845,Testosterone
DD2674,Tetracaine
DD683,Tetracycline
DD2593,Tetrahydrozoline
DD2596,Tetrahydrozoline / zinc sulfate
DD2939,Tev-Tropin
DD1824,Theo-24
DD1530,Theophylline
DD1438,TheraTears
DD729,TheraTears Nutrition
DD779,Thiopental
DD279,Thioridazine
DD3286,Thiothixene
DD1942,Thorazine
DD767,Thyroid desiccated
DD64,Tiagabine
DD3317,Tiazac
DD3151,Ticagrelor
DD2167,Tigan
DD1364,Tiger Balm
DD344,Tikosyn
DD1742,Timolol
DD239,Timoptic
DD3273,Timoptic Ocudose
DD1516,Tindamax
DD2046,Tinidazole
DD2896,Tinzaparin
DD3155,Tioconazole
DD2480,Tiotropium
DD766,Tirosint
DD2745,Tivicay
DD3144,Tizanidine
DD2065,TobraDex
DD2528,Tobramycin
DD1050,Tobrex
DD2676,Tocilizumab
DD1851,Todays Health Nasal  Relief Extra Moisturizing
DD483,Tofacitinib
DD1435,Tofranil
DD14,Tolak
DD2764,Tolmetin
DD3166,Tolnaftate
DD458,Tolterodine
DD3290,Topamax
DD1405,Topical Anesthetic Dental Gel
DD1853,Topicort
DD2515,Topicort LP
DD207,Topiragen
DD545,Topiramate
DD329,Toprol-XL
DD2995,Toradol
DD2362,Toradol IV / IM
DD3366,Torisel
DD11,Torsemide
DD2523,Toujeo
DD1178,Toujeo Solostar
DD1080,Toviaz
DD2489,Tracleer
DD2979,Tradjenta
DD577,Tramadol
DD3331,Trametinib
DD2696,Trandolapril
DD2751,Trandolapril / verapamil
DD1036,Tranexamic acid
DD2202,Transderm-Scop
DD440,Tranxene
DD963,Tranxene SD
DD2400,Tranylcypromine
DD2057,Trastuzumab
DD2265,Travel-Eze
DD1228,Travoprost
DD3401,Trazodone
DD2618,Treanda
DD3142,Trelstar
DD1754,Trelstar LA
DD1286,Trental
DD1609,Treprostinil
DD475,Tresiba
DD316,Tretin-X
DD457,Tretinoin
DD416,Treximet
DD1552,Trezix
DD879,Tri-Estarylla
DD1400,Tri-Linyah
DD1011,Tri-Lo-Estarylla
DD2942,Tri-Lo-Marzia
DD2479,Tri-Lo-Sprintec
DD1662,Tri-Luma
DD1904,Tri-Previfem
DD1995,Tri-Sprintec
DD283,Triamcinolone
DD3037,Triamterene
DD1391,Triavil
DD2542,Triazolam
DD2235,Tribenzor
DD2699,TriCor
DD1205,Trifluoperazine
DD1705,Trihexyphenidyl
DD3008,Trilafon
DD949,Trileptal
DD923,Trilipix
DD402,Trimethobenzamide
DD793,Trimethoprim
DD2231,TriNessa
DD3313,TriNessa Lo
DD1501,Trintellix
DD19,Triple Antibiotic
DD2069,Triple Paste
DD2141,Triprolidine
DD2048,Triptorelin
DD1135,Triumeq
DD2379,Trivora
DD1549,Trixaicin HP
DD2310,Trizivir
DD2444,Trocaine
DD58,Trokendi XR
DD2670,Trolamine salicylate
DD1145,Tronolane Anesthetic for Hemorrhoids
DD3237,Tropicamide
DD3127,Trospium
DD2828,Trulance
DD228,Trulicity
DD294,Trusopt
DD1418,Truvada
DD164,Tryptophan
DD1220,Tudorza Pressair
DD921,Tums Regular Strength
DD738,Tums Smoothies
DD439,Turmeric
DD2606,TussiCaps
DD695,Tussigon
DD1339,Tussionex Pennkinetic
DD2058,Twynsta
DD1121,Tylenol
DD1067,Tylenol 8 Hour
DD1192,Tylenol Arthritis Pain
DD2440,Tylenol PM
DD2321,Tylenol with Codeine
DD872,Tylenol with Codeine #3
DD1322,Tylenol with Codeine #4
DD1820,Tylox
DD585,Tysabri
DD1133,Tyvaso
DD2121,Ubiquinone
DD44,Uceris
DD2104,Ulesfia
DD506,Ulipristal
DD460,Uloric
DD3233,Ultracet
DD510,Ultram
DD856,Ultram ER
DD20,Ultram ODT
DD996,Ultravate
DD2929,Umeclidinium
DD1367,Umeclidinium / vilanterol
DD2900,Unasyn
DD1889,Undecylenic acid
DD3222,Uniphyl
DD2770,Uniretic
DD3026,Unisom SleepGels
DD2319,Unisom SleepMelts
DD310,Unisom SleepTabs
DD939,Unithroid
DD2508,Univasc
DD1176,Uptravi
DD1012,Urea
DD1472,Uribel
DD23,Uricalm
DD644,Urised
DD1774,Urispas
DD2050,Uristat
DD1771,Uroxatral
DD1746,Urso
DD2419,Urso Forte
DD299,Ursodiol
DD814,Ustekinumab
DD2905,Uta
DD404,Vagifem
DD82,Vagistat-1
DD1076,Valacyclovir
DD839,Valcyte
DD3326,Valdecoxib
DD572,Valerian
DD2142,Valganciclovir
DD2470,Valium
DD2591,Valproic acid
DD3009,Valsartan
DD2850,Valtrex
DD2689,Valturna
DD2956,Vanatab DX
DD1649,Vanatrip
DD231,Vancocin
DD2322,Vancocin HCl
DD1077,Vancomycin
DD925,Vandazole
DD1581,Vaniqa
DD3100,Vanquish
DD3215,Vanspar
DD2411,Vantin
DD2324,Vaprisol
DD259,Vardenafil
DD2911,Varenicline
DD319,Varubi
DD2747,Vascepa
DD2282,Vasculera
DD1750,Vasodilan
DD365,Vasotec
DD1965,Vectibix
DD1206,Vectical
DD798,Vedolizumab
DD1464,Velcade
DD2166,Velivet
DD2610,Velphoro
DD2971,Veltin
DD3059,Vemurafenib
DD1881,Venlafaxine
DD1361,Venofer
DD924,Ventolin
DD2198,Ventolin HFA
DD3131,Veramyst
DD1685,Verapamil
DD2847,Verdeso
DD1974,Verelan
DD2356,Verelan PM
DD2473,Versed
DD3031,Vesanoid
DD3089,VESIcare
DD1419,Vestura
DD197,Viagra
DD1163,Viberzi
DD891,Vibramycin
DD1930,Vicks Dayquil Cold & Flu Relief
DD2640,Vicks Formula 44
DD1345,Vicks Nyquil D Cold and Flu Nighttime Relief
DD2230,Vicks QlearQuil Nighttime Allergy Relief
DD2823,Vicks Sinex 12-Hour Decongestant Nasal Spray
DD3164,Vicks Sinex Nasal Spray (old formulation)
DD1446,Vicodin
DD860,Vicodin ES
DD1189,Vicodin HP
DD3015,Vicoprofen
DD2556,Victoza
DD553,Victrelis
DD725,Vidaza
DD671,Viekira Pak
DD968,Vienva
DD2778,Vigamox
DD1922,Viibryd
DD2402,Vilazodone
DD1709,Vimovo
DD367,Vimpat
DD1645,Vincasar PFS
DD2707,Vincristine
DD1573,Viorele
DD1727,Viramune
DD1670,Viread
DD2073,Virtussin A / C
DD2398,Visine Original
DD2072,Visine Totality Multi-Symptom Relief
DD1117,VisRx Dose Pack
DD1197,Vistaril
DD2027,Vitafol Ultra
DD377,Vitafol-OB+DHA
DD2453,Vitamin B2
DD717,Vitamin B6
DD3310,Vitamin B12
DD2660,Vitamin C
DD432,Vitamin D2
DD1886,Vitamin D3
DD272,Vitamin e
DD226,Vitapap
DD186,Vivactil
DD215,Vivaglobin
DD2412,Vivarin
DD66,Vivelle
DD3332,Vivelle-Dot
DD2171,Vivitrol
DD338,Voltaren
DD1526,Voltaren Gel
DD3369,Voltaren-XR
DD490,Vontrol
DD1492,Vortioxetine
DD523,Vospire ER
DD193,Votrient
DD1170,Vraylar
DD811,Vusion
DD1422,Vytorin
DD630,Vyvanse
DD2083,Wal-finate
DD3162,Warfarin
DD214,Welchol
DD2431,Wellbutrin
DD1180,Wellbutrin SR
DD169,Wellbutrin XL
DD1761,Wera
DD3082,Westcort
DD3028,Westhroid
DD1910,WinRho SDF
DD448,WP Thyroid
DD2706,X-Viate
DD2007,Xalatan
DD874,Xalkori
DD185,Xanax
DD2111,Xanax XR
DD1303,Xarelto
DD743,Xartemis XR
DD1577,Xeljanz
DD09,Xeljanz XR
DD2749,Xeloda
DD759,Xenical
DD2970,Xerac AC
DD127,Xgeva
DD2350,Xiaflex
DD1015,Xifaxan
DD1928,Xigduo XR
DD2368,Xiidra
DD1265,Xodol
DD267,Xolair
DD187,Xolegel
DD2434,Xopenex
DD737,Xopenex HFA
DD2741,Xtampza ER
DD3240,Xtandi
DD699,Xulane
DD2433,Xylocaine Jelly
DD2504,Xylometazoline
DD1476,Xyrem
DD1017,Xyzal
DD1071,Yasmin
DD308,Yaz
DD1173,Yohimbine
DD1656,Yuvafem
DD3043,Zaditor
DD2047,Zafirlukast
DD394,Zaleplon
DD659,Zanaflex
DD2536,Zanamivir
DD1591,Zantac
DD1605,Zantac 150
DD3023,Zarah
DD2703,Zarontin
DD890,Zaroxolyn
DD1781,Zeasorb-AF Drying Gel
DD1969,Zecuity
DD2043,Zegerid
DD1528,Zegerid OTC
DD2605,Zejula
DD2403,Zelapar
DD2892,Zelboraf
DD2573,Zelnorm
DD1259,Zemaira
DD1822,Zenatane
DD97,Zenchent
DD922,Zenpep
DD3398,Zenzedi
DD629,Zepatier
DD2176,Zestoretic
DD3165,Zestril
DD2781,Zetia
DD3394,Zetran
DD2481,Ziac
DD3266,Ziana
DD1557,Zicam Extreme Congestion Relief
DD1000,Ziconotide
DD370,Zileuton
DD2363,Zinc gluconate
DD313,Zinc oxide
DD1990,Zinc sulfate
DD1392,Zioptan
DD2224,Ziprasidone
DD876,Zipsor
DD2709,Zirgan
DD2128,Zithromax
DD1115,Zocor
DD1140,Zofran
DD842,Zofran ODT
DD3393,Zohydro ER
DD1638,Zoladex
DD576,Zoledronic acid
DD26,Zolmitriptan
DD1839,Zoloft
DD191,Zolpidem
DD828,Zolpimist
DD3047,Zometa
DD3066,Zomig
DD2095,Zomig-ZMT
DD2909,Zonegran
DD125,Zonisamide
DD2184,Zorvolex
DD2226,Zostavax
DD414,Zoster vaccine live
DD373,Zostrix
DD3101,Zostrix Diabetic Foot Pain
DD2723,Zosyn
DD1336,Zovia
DD3217,Zovia 1 / 35
DD1988,Zovirax
DD2031,Zovirax Cream
DD1250,Zovirax Ointment
DD3070,Zubsolv
DD2477,Zurampic
DD958,Zutripro
DD2962,Zyban
DD3030,Zyclara
DD194,Zylet
DD1714,Zyloprim
DD2157,Zymar
DD2718,Zymine
DD1264,Zyprexa
DD2019,Zyprexa Intramuscular
DD972,Zyprexa Zydis
DD982,Zyrtec
DD583,Zyrtec-D
DD3092,Zyrtec-D 12 Hour
DD3278,Zytiga
DD813,Zyvox
DD1623,ZzzQuil
